id,company,product,type_name,inches,ram,weight,cpu_brand,cpu_generation,os_type,gpu_brand,gpu_type,memory_hdd,memory_ssd,memory_hybrid,memory_flash_storage,ips,retina,touchscreen,resolution_x,resolution_y,price
6571244,Apple,MacBook Pro,Ultrabook,13.3,8,1.37,Intel,i5,macOS,Intel,integrated,0,128,0,0,1,1,0,2560,1600,1339
7287764,Apple,Macbook Air,Ultrabook,13.3,8,1.34,Intel,i5,macOS,Intel,integrated,0,0,0,128,0,0,0,1440,900,898
3362737,HP,250 G6,Notebook,15.6,8,1.86,Intel,i5,No OS,Intel,integrated,0,256,0,0,0,0,0,1920,1080,575
9722156,Apple,MacBook Pro,Ultrabook,15.4,16,1.83,Intel,i7,macOS,AMD,dedicated,0,512,0,0,1,1,0,2880,1800,2537
8550527,Apple,MacBook Pro,Ultrabook,13.3,8,1.37,Intel,i5,macOS,Intel,integrated,0,256,0,0,1,1,0,2560,1600,1803
8529462,Acer,Aspire 3,Notebook,15.6,4,2.1,AMD,9420,Windows,AMD,dedicated,500,0,0,0,0,0,0,1366,768,400
1450726,Apple,MacBook Pro,Ultrabook,15.4,16,2.04,Intel,i7,Mac OS X,Intel,integrated,0,0,0,256,1,1,0,2880,1800,2139
3824690,Apple,Macbook Air,Ultrabook,13.3,8,1.34,Intel,i5,macOS,Intel,integrated,0,0,0,256,0,0,0,1440,900,1158
9217974,Asus,ZenBook UX430UN,Ultrabook,14.0,16,1.3,Intel,i7,Windows,Nvidia,dedicated,0,512,0,0,0,0,0,1920,1080,1495
9202701,Acer,Swift 3,Ultrabook,14.0,8,1.6,Intel,i5,Windows,Intel,integrated,0,256,0,0,1,0,0,1920,1080,770
7931331,HP,250 G6,Notebook,15.6,4,1.86,Intel,i5,No OS,Intel,integrated,500,0,0,0,0,0,0,1366,768,393
8409158,HP,250 G6,Notebook,15.6,4,1.86,Intel,i3,No OS,Intel,integrated,500,0,0,0,0,0,0,1920,1080,344
5084310,Apple,MacBook Pro,Ultrabook,15.4,16,1.83,Intel,i7,macOS,AMD,dedicated,0,256,0,0,1,1,0,2880,1800,2439
5285373,Dell,Inspiron 3567,Notebook,15.6,4,2.2,Intel,i3,Windows,AMD,dedicated,0,256,0,0,0,0,0,1920,1080,498
5474670,Apple,"MacBook 12""",Ultrabook,12.0,8,0.92,Intel,M,macOS,Intel,integrated,0,256,0,0,1,1,0,2304,1440,1262
1302644,Apple,MacBook Pro,Ultrabook,13.3,8,1.37,Intel,i5,macOS,Intel,integrated,0,256,0,0,1,1,0,2560,1600,1518
8371792,Dell,Inspiron 3567,Notebook,15.6,8,2.2,Intel,i7,Windows,AMD,dedicated,0,256,0,0,0,0,0,1920,1080,745
8249973,Apple,MacBook Pro,Ultrabook,15.4,16,1.83,Intel,i7,macOS,AMD,dedicated,0,512,0,0,1,1,0,2880,1800,2858
2456497,Lenovo,IdeaPad 320-15IKB,Notebook,15.6,8,2.2,Intel,i3,No OS,Nvidia,dedicated,1000,0,0,0,0,0,0,1920,1080,499
4991632,Dell,XPS 13,Ultrabook,13.3,8,1.22,Intel,i5,Windows,Intel,integrated,0,128,0,0,1,0,1,1920,1080,979
7667029,Asus,Vivobook E200HA,Netbook,11.6,2,0.98,Intel,x5-Z8350,Windows,Intel,integrated,0,0,0,32,0,0,0,1366,768,191
5650428,Lenovo,Legion Y520-15IKBN,Gaming,15.6,8,2.5,Intel,i5,Windows,Nvidia,dedicated,1000,128,0,0,1,0,0,1920,1080,999
1690206,HP,255 G6,Notebook,15.6,4,1.86,AMD,E2-9000e,No OS,AMD,dedicated,500,0,0,0,0,0,0,1366,768,258
1940272,Dell,Inspiron 5379,2 in 1 Convertible,13.3,8,1.62,Intel,i5,Windows,Intel,integrated,0,256,0,0,0,0,1,1920,1080,819
1135884,HP,15-BS101nv (i7-8550U/8GB/256GB/FHD/W10),Ultrabook,15.6,8,1.91,Intel,i7,Windows,Intel,integrated,0,256,0,0,0,0,0,1920,1080,659
4034740,Dell,Inspiron 3567,Notebook,15.6,4,2.3,Intel,i3,Windows,Intel,integrated,1000,0,0,0,0,0,0,1366,768,418
8264992,Apple,MacBook Air,Ultrabook,13.3,8,1.35,Intel,i5,Mac OS X,Intel,integrated,0,0,0,128,0,0,0,1440,900,1099
5634391,Dell,Inspiron 5570,Notebook,15.6,8,2.2,Intel,i5,Windows,AMD,dedicated,0,256,0,0,0,0,0,1920,1080,800
7406268,Dell,Latitude 5590,Ultrabook,15.6,8,1.88,Intel,i7,Windows,Intel,integrated,0,512,0,0,0,0,0,1920,1080,1298
9600663,HP,ProBook 470,Notebook,17.3,8,2.5,Intel,i5,Windows,Nvidia,dedicated,1000,0,0,0,0,0,0,1920,1080,896
9141192,Chuwi,"LapBook 15.6""",Notebook,15.6,4,1.89,Intel,x5-Z8300,Windows,Intel,integrated,0,0,0,64,0,0,0,1920,1080,244
4366200,Asus,E402WA-GA010T (E2-6110/2GB/32GB/W10),Notebook,14.0,2,1.65,AMD,E2-6110,Windows,AMD,dedicated,0,0,0,32,0,0,0,1366,768,199
2501152,HP,17-ak001nv (A6-9220/4GB/500GB/Radeon,Notebook,17.3,4,2.71,AMD,9220,Windows,AMD,dedicated,500,0,0,0,0,0,0,1920,1080,439
5766461,Dell,XPS 13,Ultrabook,13.3,16,1.2,Intel,i7,Windows,Intel,integrated,0,512,0,0,0,0,1,3200,1800,1869
2877805,Apple,MacBook Air,Ultrabook,13.3,8,1.35,Intel,i5,Mac OS X,Intel,integrated,0,0,0,256,0,0,0,1440,900,998
6744545,Lenovo,IdeaPad 120S-14IAP,Notebook,14.0,4,1.44,Intel,Dual,Windows,Intel,integrated,0,0,0,64,0,0,0,1366,768,249
2219629,Acer,Aspire 3,Notebook,15.6,4,2.1,Intel,i3,Linux,Intel,integrated,1000,0,0,0,0,0,0,1366,768,367
4621708,Dell,Inspiron 5770,Notebook,17.3,8,2.8,Intel,i5,Windows,AMD,dedicated,1000,128,0,0,1,0,0,1920,1080,979
2477848,HP,250 G6,Notebook,15.6,4,1.86,Intel,i5,Windows,Intel,integrated,1000,0,0,0,0,0,0,1366,768,488
8367566,HP,ProBook 450,Notebook,15.6,8,2.1,Intel,i5,Windows,Nvidia,dedicated,0,256,0,0,0,0,0,1920,1080,879
1898526,Asus,X540UA-DM186 (i3-6006U/4GB/1TB/FHD/Linux),Notebook,15.6,4,2.0,Intel,i3,Linux,Intel,integrated,1000,0,0,0,0,0,0,1920,1080,389
6353059,Dell,Inspiron 7577,Gaming,15.6,16,2.65,Intel,i7,Windows,Nvidia,dedicated,1000,256,0,0,1,0,0,1920,1080,1499
8646050,Asus,X542UQ-GO005 (i5-7200U/8GB/1TB/GeForce,Notebook,15.6,8,2.3,Intel,i5,Linux,Nvidia,dedicated,1000,0,0,0,0,0,0,1366,768,522
8782884,Acer,Aspire A515-51G,Notebook,15.6,4,2.2,Intel,i5,Windows,Intel,integrated,0,256,0,0,1,0,0,1920,1080,682
2459229,Dell,Inspiron 7773,2 in 1 Convertible,17.3,12,2.77,Intel,i5,Windows,Nvidia,dedicated,1000,0,0,0,0,0,1,1920,1080,999
4758080,Apple,MacBook Pro,Ultrabook,13.3,8,1.37,Intel,i5,macOS,Intel,integrated,0,256,0,0,1,1,0,2560,1600,1419
7178730,Lenovo,IdeaPad 320-15ISK,Notebook,15.6,4,2.2,Intel,i3,No OS,Intel,integrated,0,128,0,0,0,0,0,1366,768,369
7965266,Asus,Rog Strix,Gaming,17.3,8,3.2,AMD,1700,Windows,AMD,dedicated,1000,256,0,0,0,0,0,1920,1080,1299
3048980,Dell,Inspiron 3567,Notebook,15.6,4,2.3,Intel,i5,Windows,AMD,dedicated,0,256,0,0,0,0,0,1920,1080,639
8118344,Asus,X751NV-TY001T (N4200/4GB/1TB/GeForce,Notebook,17.3,4,2.8,Intel,Quad,Windows,Nvidia,dedicated,1000,0,0,0,0,0,0,1366,768,466
9096590,Lenovo,Yoga Book,2 in 1 Convertible,10.1,4,0.69,Intel,x5-Z8550,Android,Intel,integrated,0,0,0,64,1,0,1,1920,1200,319
1786745,Acer,Aspire A515-51G,Notebook,15.6,8,2.2,Intel,i7,Windows,Nvidia,dedicated,0,256,0,0,1,0,0,1920,1080,841
4419704,HP,255 G6,Notebook,15.6,4,1.86,AMD,9220,Windows,AMD,dedicated,0,256,0,0,0,0,0,1920,1080,398
8036099,HP,ProBook 430,Notebook,13.3,8,1.49,Intel,i7,Windows,Intel,integrated,0,512,0,0,0,0,0,1920,1080,1103
7161475,Acer,Aspire 3,Notebook,15.6,4,2.4,Intel,i3,Windows,Intel,integrated,1000,0,0,0,0,0,0,1366,768,384
3201203,Dell,Inspiron 3576,Notebook,15.6,8,2.13,Intel,i7,Windows,AMD,dedicated,0,256,0,0,0,0,0,1920,1080,767
9767942,HP,15-bs002nv (i3-6006U/4GB/128GB/FHD/W10),Notebook,15.6,4,1.91,Intel,i3,Windows,Intel,integrated,0,128,0,0,0,0,0,1920,1080,439
2776651,Asus,VivoBook Max,Notebook,15.6,4,2.0,Intel,i5,Windows,Intel,integrated,0,256,0,0,0,0,0,1366,768,586
9745038,MSI,GS73VR 7RG,Gaming,17.3,16,2.43,Intel,i7,Windows,Nvidia,dedicated,2000,256,0,0,0,0,0,1920,1080,2449
8965582,Asus,X541UA-DM1897 (i3-6006U/4GB/256GB/FHD/Linux),Notebook,15.6,4,2.0,Intel,i3,Linux,Intel,integrated,0,256,0,0,0,0,0,1920,1080,415
4959661,Dell,Inspiron 5770,Notebook,17.3,16,2.8,Intel,i7,Windows,AMD,dedicated,2000,256,0,0,0,0,0,1920,1080,1299
8845657,Dell,Vostro 5471,Ultrabook,14.0,8,1.7,Intel,i5,Windows,Intel,integrated,0,256,0,0,0,0,0,1920,1080,879
1406454,Lenovo,IdeaPad 520S-14IKB,Notebook,14.0,8,1.7,Intel,i3,No OS,Intel,integrated,0,256,0,0,1,0,0,1920,1080,599
6337731,Asus,UX410UA-GV350T (i5-8250U/8GB/256GB/FHD/W10),Notebook,14.0,8,1.4,Intel,i5,Windows,Intel,integrated,0,256,0,0,0,0,0,1920,1080,941
8671263,HP,250 G6,Notebook,15.6,8,1.86,Intel,i5,Windows,Intel,integrated,0,256,0,0,0,0,0,1920,1080,690
2623571,Asus,ZenBook Pro,Ultrabook,15.6,16,1.8,Intel,i7,Windows,Nvidia,dedicated,0,512,0,0,0,0,0,1920,1080,1983
6835419,HP,250 G6,Notebook,15.6,4,1.86,Intel,i3,Windows,AMD,dedicated,500,0,0,0,0,0,0,1366,768,438
9775124,HP,Stream 14-AX040wm,Notebook,14.0,4,1.44,Intel,Dual,Windows,Intel,integrated,0,32,0,0,0,0,0,1366,768,229
9592111,Lenovo,V310-15ISK (i5-7200U/4GB/1TB/FHD/W10),Notebook,15.6,4,1.9,Intel,i5,Windows,Intel,integrated,1000,0,0,0,0,0,0,1920,1080,549
8544205,Asus,FX753VE-GC093 (i7-7700HQ/12GB/1TB/GeForce,Gaming,17.3,12,3.0,Intel,i7,Linux,Nvidia,dedicated,1000,0,0,0,0,0,0,1920,1080,949
3775619,Microsoft,Surface Laptop,Ultrabook,13.5,4,1.252,Intel,i5,Windows,Intel,integrated,0,128,0,0,0,0,1,2256,1504,1089
4682835,Dell,Inspiron 5370,Ultrabook,13.3,8,1.4,Intel,i7,Windows,AMD,dedicated,0,256,0,0,1,0,0,1920,1080,955
6152791,Dell,Inspiron 5570,Notebook,15.6,8,2.2,Intel,i7,Windows,AMD,dedicated,0,256,0,0,0,0,0,1920,1080,870
9554426,MSI,GL72M 7RDX,Gaming,17.3,8,2.7,Intel,i5,Windows,Nvidia,dedicated,1000,128,0,0,0,0,0,1920,1080,1095
7974529,Acer,Aspire E5-475,Notebook,14.0,8,2.1,Intel,i3,Windows,Intel,integrated,1000,0,0,0,0,0,0,1366,768,389
5741011,Asus,FX503VD-E4022T (i7-7700HQ/8GB/1TB/GeForce,Gaming,15.6,8,2.2,Intel,i7,Windows,Nvidia,dedicated,1000,0,0,0,0,0,0,1920,1080,949
2751361,Lenovo,IdeaPad 320-15IKBN,Notebook,15.6,8,2.2,Intel,i5,No OS,Intel,integrated,2000,0,0,0,0,0,0,1920,1080,519
6107447,Dell,Inspiron 5570,Notebook,15.6,8,2.02,Intel,i7,Windows,Intel,integrated,1000,128,0,0,0,0,0,1920,1080,855
4662064,Acer,Aspire A515-51G-32MX,Notebook,15.6,4,2.2,Intel,i3,Windows,Nvidia,dedicated,1000,0,0,0,0,0,0,1920,1080,530
5210941,HP,ProBook 470,Notebook,17.3,8,2.5,Intel,i5,Windows,Nvidia,dedicated,1000,128,0,0,0,0,0,1920,1080,977
1588927,Dell,Latitude 5590,Ultrabook,15.6,8,1.88,Intel,i5,Windows,Intel,integrated,0,256,0,0,1,0,0,1920,1080,1096
6343085,Apple,"MacBook 12""",Ultrabook,12.0,8,0.92,Intel,i5,macOS,Intel,integrated,0,512,0,0,1,1,0,2304,1440,1510
8225398,HP,ProBook 440,Notebook,14.0,8,1.63,Intel,i5,Windows,Intel,integrated,0,256,0,0,0,0,0,1920,1080,860
5404066,Lenovo,IdeaPad 320-15AST,Notebook,15.6,4,2.2,AMD,9220,Windows,AMD,dedicated,0,128,0,0,0,0,0,1920,1080,399
6811591,Acer,Aspire 3,Notebook,15.6,4,2.1,AMD,9420,Windows,AMD,dedicated,1000,0,0,0,0,0,0,1366,768,395
6964618,Dell,Inspiron 7577,Gaming,15.6,16,2.65,Intel,i7,Windows,Nvidia,dedicated,1000,128,0,0,1,0,0,1920,1080,1349
3860695,HP,Pavilion 15-CK000nv,Ultrabook,15.6,8,1.83,Intel,i7,Windows,Nvidia,dedicated,0,256,0,0,1,0,0,1920,1080,699
6806574,HP,250 G6,Notebook,15.6,8,1.96,Intel,i5,Windows,Intel,integrated,0,256,0,0,0,0,0,1920,1080,598
4731595,Asus,FX503VM-E4007T (i7-7700HQ/16GB/1TB,Gaming,15.6,16,2.2,Intel,i7,Windows,Nvidia,dedicated,1000,128,0,0,1,0,0,1920,1080,1449
4547898,Dell,XPS 13,Ultrabook,13.3,8,1.21,Intel,i7,Windows,Intel,integrated,0,256,0,0,1,0,0,1920,1080,1649
1945846,Asus,FX550IK-DM018T (FX-9830P/8GB/1TB/Radeon,Gaming,15.6,8,2.45,AMD,9830P,Windows,AMD,dedicated,1000,0,0,0,0,0,0,1920,1080,699
4592224,Acer,Aspire 5,Notebook,15.6,8,2.2,Intel,i7,Windows,Nvidia,dedicated,1000,0,0,0,0,0,0,1920,1080,689
8332567,HP,Probook 430,Notebook,13.3,16,1.49,Intel,i7,Windows,Intel,integrated,0,512,0,0,0,0,0,1920,1080,1197
1532735,Dell,Inspiron 7577,Gaming,15.6,8,2.65,Intel,i5,Windows,Nvidia,dedicated,0,256,0,0,0,0,0,1920,1080,1195
7320484,Asus,Zenbook UX430UA,Ultrabook,14.0,8,1.25,Intel,i7,Windows,Intel,integrated,0,256,0,0,0,0,0,1920,1080,1049
8421453,Acer,Spin 5,2 in 1 Convertible,13.3,8,1.5,Intel,i5,Windows,Intel,integrated,0,256,0,0,1,0,1,1920,1080,847
4570427,Dell,Inspiron 3567,Notebook,15.6,8,2.2,Intel,i7,Linux,AMD,dedicated,1000,0,0,0,0,0,0,1920,1080,599
7882140,Dell,Inspiron 3567,Notebook,15.6,4,2.2,Intel,i3,Linux,AMD,dedicated,0,256,0,0,0,0,0,1920,1080,485
8013260,Asus,X541UV-DM1439T (i3-7100U/6GB/256GB/GeForce,Notebook,15.6,6,2.0,Intel,i3,Windows,Nvidia,dedicated,0,256,0,0,0,0,0,1920,1080,577
7076485,HP,Omen 15-ce007nv,Gaming,15.6,12,2.62,Intel,i7,Windows,Nvidia,dedicated,1000,128,0,0,1,0,0,1920,1080,1249
7283234,HP,15-bs017nv (i7-7500U/8GB/256GB/Radeon,Notebook,15.6,8,1.91,Intel,i7,Windows,AMD,dedicated,0,256,0,0,0,0,0,1920,1080,719
9729868,HP,15-bw000nv (E2-9000e/4GB/500GB/Radeon,Notebook,15.6,4,2.1,AMD,E2-9000e,Windows,AMD,dedicated,500,0,0,0,0,0,0,1920,1080,349
5052792,Dell,Inspiron 3576,Notebook,15.6,8,2.2,Intel,i5,Linux,AMD,dedicated,1000,0,0,0,0,0,0,1920,1080,647
8728122,HP,Envy 13-ad009n,Ultrabook,13.3,8,1.38,Intel,i7,Windows,Nvidia,dedicated,0,256,0,0,1,0,0,1920,1080,1119
5804521,Microsoft,Surface Laptop,Ultrabook,13.5,8,1.252,Intel,i5,Windows,Intel,integrated,0,256,0,0,0,0,1,2256,1504,1340
6144839,HP,Pavilion 14-BK001nv,Notebook,14.0,6,1.58,Intel,i5,Windows,Nvidia,dedicated,0,256,0,0,1,0,0,1920,1080,659
7707473,Lenovo,Ideapad 310-15ISK,Notebook,15.6,4,1.85,Intel,i3,Windows,Intel,integrated,1000,0,0,0,0,0,0,1920,1080,414
7343930,Asus,UX430UQ-GV209R (i7-7500U/8GB/256GB/GeForce,Ultrabook,14.0,8,1.3,Intel,i7,Windows,Nvidia,dedicated,0,256,0,0,1,0,0,1920,1080,1193
1656518,MSI,GP62M 7REX,Gaming,15.6,16,2.2,Intel,i7,Windows,Nvidia,dedicated,1000,256,0,0,0,0,0,1920,1080,1299
8814130,Lenovo,Thinkpad T470,Notebook,14.0,8,1.58,Intel,i7,Windows,Intel,integrated,0,256,0,0,1,0,0,1920,1080,1480
8722877,Asus,VivoBook S15,Ultrabook,15.6,16,1.5,Intel,i7,Windows,Nvidia,dedicated,1000,256,0,0,0,0,0,1920,1080,1262
4991903,Dell,XPS 13,Ultrabook,13.3,8,1.23,Intel,i7,Windows,Intel,integrated,0,256,0,0,0,0,1,3200,1800,1379
6428907,Lenovo,ThinkPad Yoga,2 in 1 Convertible,13.3,8,1.37,Intel,i5,Windows,Intel,integrated,0,256,0,0,1,0,1,1920,1080,1399
7497980,HP,Probook 440,Notebook,14.0,4,1.63,Intel,i5,Windows,Intel,integrated,500,0,0,0,1,0,0,1366,768,722
7557643,Dell,XPS 13,Ultrabook,13.3,8,1.21,Intel,i5,Windows,Intel,integrated,0,256,0,0,1,0,0,1920,1080,1629
3189408,HP,Spectre x360,2 in 1 Convertible,13.3,8,1.26,Intel,i5,Windows,Intel,integrated,0,256,0,0,1,0,1,1920,1080,1398
3490949,HP,Probook 440,Notebook,14.0,8,1.63,Intel,i7,Windows,Intel,integrated,0,512,0,0,0,0,0,1920,1080,1084
4044754,Dell,Inspiron 7570,Notebook,15.6,8,2.16,Intel,i7,Windows,Nvidia,dedicated,1000,256,0,0,1,0,0,1920,1080,1130
2331050,Asus,X705UV-BX074T (i3-6006U/4GB/1TB/GeForce,Notebook,17.3,4,2.0,Intel,i3,Windows,Nvidia,dedicated,1000,0,0,0,0,0,0,1920,1080,564
8380492,Asus,VivoBook S15,Notebook,15.6,8,1.7,Intel,i7,Windows,Nvidia,dedicated,0,256,0,0,0,0,0,1920,1080,1118
8657528,Acer,Spin 3,Notebook,15.6,6,2.1,Intel,i3,Windows,Intel,integrated,1000,0,0,0,1,0,1,1920,1080,479
1594643,MSI,GS63VR 7RG,Gaming,15.6,16,1.8,Intel,i7,Windows,Nvidia,dedicated,2000,256,0,0,0,0,0,1920,1080,2241
2078302,Lenovo,IdeaPad 320-15IKBN,Notebook,15.6,8,2.2,Intel,i5,No OS,Nvidia,dedicated,0,256,0,0,0,0,0,1920,1080,629
1536513,HP,Probook 470,Notebook,17.3,16,2.5,Intel,i7,Windows,Nvidia,dedicated,0,512,0,0,0,0,0,1920,1080,1271
9117569,Acer,Aspire 3,Notebook,15.6,4,2.1,AMD,9420,Windows,AMD,dedicated,0,256,0,0,0,0,0,1366,768,451
1866113,HP,250 G6,Notebook,15.6,4,1.86,Intel,Dual,No OS,Intel,integrated,500,0,0,0,0,0,0,1366,768,259
5630248,HP,Probook 440,Notebook,14.0,8,1.63,Intel,i5,Windows,Intel,integrated,1000,0,0,0,0,0,0,1920,1080,812
6381081,Asus,E402WA-GA007T (E2-6110/4GB/64GB/W10,Notebook,14.0,4,1.65,AMD,6110,Windows,AMD,dedicated,0,64,0,0,0,0,0,1366,768,277
7150087,Dell,Inspiron 5770,Notebook,17.3,16,2.8,Intel,i7,Windows,AMD,dedicated,2000,256,0,0,0,0,0,1920,1080,1396
2355172,HP,ProBook 470,Notebook,17.3,8,2.5,Intel,i5,Windows,Intel,integrated,0,256,0,0,0,0,0,1920,1080,928
5135236,Dell,Inspiron 5567,Notebook,15.6,8,2.36,Intel,i5,Windows,AMD,dedicated,1000,0,0,0,0,0,0,1366,768,638
7746281,Dell,Inspiron 3567,Notebook,15.6,4,2.2,Intel,i3,Windows,AMD,dedicated,1000,0,0,0,0,0,0,1920,1080,449
2618138,Acer,Swift 3,Ultrabook,14.0,8,1.6,Intel,i7,Windows,Intel,integrated,0,256,0,0,1,0,0,1920,1080,884
4462539,Acer,Aspire A515-51G-37JS,Notebook,15.6,4,2.2,Intel,i3,Windows,Nvidia,dedicated,0,256,0,0,0,0,0,1920,1080,572
8806430,HP,15-BS078nr (i7-7500U/8GB/1TB/W10),Notebook,15.6,8,2.05,Intel,i7,Windows,Intel,integrated,1000,0,0,0,0,0,0,1366,768,598
9750975,HP,Probook 440,Notebook,14.0,8,1.63,Intel,i7,Windows,Intel,integrated,0,256,0,0,0,0,0,1920,1080,988
2775943,Lenovo,V110-15IAP (N3350/4GB/1TB/No,Notebook,15.6,4,1.9,Intel,Dual,No OS,Intel,integrated,1000,0,0,0,0,0,0,1366,768,252
2724402,Asus,FX753VD-GC086T (i5-7300HQ/8GB/1TB,Gaming,17.3,8,3.0,Intel,i5,Windows,Nvidia,dedicated,1000,128,0,0,0,0,0,1920,1080,938
3138857,Lenovo,IdeaPad 320-15IKBN,Notebook,15.6,4,2.2,Intel,i5,No OS,Nvidia,dedicated,1000,0,0,0,0,0,0,1920,1080,499
1460190,HP,Envy 13-AD007nv,Notebook,13.3,4,1.32,Intel,i5,Windows,Intel,integrated,0,256,0,0,1,0,0,1920,1080,699
9114722,Acer,Aspire 5,Notebook,17.3,4,3.0,Intel,i3,Windows,Nvidia,dedicated,1000,0,0,0,1,0,0,1920,1080,655
7290561,Lenovo,ThinkPad E480,Notebook,14.0,8,1.75,Intel,i5,Windows,AMD,dedicated,0,256,0,0,1,0,0,1920,1080,1116
6085824,Lenovo,Legion Y520-15IKBN,Gaming,15.6,8,2.4,Intel,i7,No OS,Nvidia,dedicated,0,256,0,0,1,0,0,1920,1080,869
8074324,Toshiba,Satellite Pro,Notebook,15.6,4,2.1,Intel,i5,Windows,Intel,integrated,500,0,0,0,0,0,0,1366,768,602
9972148,HP,255 G6,Notebook,15.6,4,1.86,AMD,9220,Windows,AMD,dedicated,0,256,0,0,0,0,0,1366,768,369
3945452,Asus,ZenBook UX430UA,Ultrabook,14.0,8,1.25,Intel,i7,Windows,Intel,integrated,0,256,0,0,0,0,0,1920,1080,1099
2940728,HP,EliteBook Folio,Ultrabook,12.5,8,0.97,Intel,M,Windows,Intel,integrated,0,512,0,0,1,0,1,3840,2160,2014
3097831,Asus,X541NA (N3350/4GB/1TB/FHD/W10),Notebook,15.6,4,2.0,Intel,Dual,Windows,Intel,integrated,1000,0,0,0,0,0,0,1920,1080,344
4763919,MSI,GE72MVR 7RG,Gaming,17.3,16,2.9,Intel,i7,Windows,Nvidia,dedicated,1000,256,0,0,0,0,0,1920,1080,2029
6870488,Acer,Aspire A315-51,Notebook,15.6,4,2.1,Intel,i3,Windows,Intel,integrated,1000,0,0,0,0,0,0,1366,768,447
1771635,Dell,Inspiron 5577,Gaming,15.6,16,2.56,Intel,i7,Windows,Nvidia,dedicated,0,512,0,0,0,0,0,1920,1080,1249
8959799,Dell,Inspiron 7567,Gaming,15.6,8,2.62,Intel,i7,Windows,Nvidia,dedicated,0,0,1000,0,0,0,0,1920,1080,899
9315979,Lenovo,V110-15IKB (i5-7200U/4GB/128GB/W10),Notebook,15.6,4,1.9,Intel,i5,Windows,Intel,integrated,0,128,0,0,0,0,0,1366,768,498
9157058,MSI,GE73VR 7RE,Gaming,17.3,16,2.8,Intel,i7,Windows,Nvidia,dedicated,1000,256,0,0,0,0,0,1920,1080,1890
5404773,HP,EliteBook 840,Ultrabook,14.0,4,1.48,Intel,i5,Windows,Intel,integrated,0,256,0,0,0,0,0,1920,1080,1082
7992512,HP,15-BS103nv (i5-8250U/6GB/256GB/Radeon,Notebook,15.6,6,1.91,Intel,i5,Windows,AMD,dedicated,0,256,0,0,0,0,0,1920,1080,619
5881306,Lenovo,Yoga 520-14IKB,2 in 1 Convertible,14.0,4,1.74,Intel,i3,Windows,Intel,integrated,0,256,0,0,1,0,1,1920,1080,629
5501601,Asus,ZenBook Flip,2 in 1 Convertible,13.3,8,1.1,Intel,i5,Windows,Intel,integrated,0,256,0,0,0,0,1,1920,1080,1315
8819887,Dell,Inspiron 5579,2 in 1 Convertible,15.6,8,1.56,Intel,i7,Windows,Intel,integrated,0,256,0,0,0,0,1,1920,1080,1049
9699902,Toshiba,Satellite Pro,Notebook,15.6,4,2.1,Intel,i3,Windows,Intel,integrated,500,0,0,0,0,0,0,1366,768,447
5322040,Asus,X555BP-XX180T (A9-9420/4GB/1TB/Radeon,Notebook,15.6,4,2.03,AMD,9420,Windows,AMD,dedicated,1000,0,0,0,0,0,0,1366,768,403
5195468,Acer,Aspire A517-51G,Notebook,17.3,4,3.0,Intel,i5,Windows,Nvidia,dedicated,0,256,0,0,1,0,0,1920,1080,805
7196316,Dell,Inspiron 3576,Notebook,15.6,8,2.13,Intel,i5,Windows,AMD,dedicated,0,256,0,0,0,0,0,1920,1080,728
9732542,Lenovo,Legion Y520-15IKBN,Gaming,15.6,16,2.5,Intel,i7,Windows,Nvidia,dedicated,0,256,0,0,1,0,0,1920,1080,1079
7854672,Acer,Aspire A315-31,Notebook,15.6,4,2.1,Intel,Dual,Windows,Intel,integrated,1000,0,0,0,0,0,0,1366,768,348
1222930,MSI,GE63VR 7RE,Gaming,15.6,16,2.4,Intel,i7,Windows,Nvidia,dedicated,1000,256,0,0,1,0,0,1920,1080,1799
2661180,Acer,Aspire 3,Notebook,15.6,4,2.1,Intel,Quad,Windows,Intel,integrated,1000,0,0,0,0,0,0,1366,768,363
4184568,Dell,Inspiron 5577,Gaming,15.6,8,2.56,Intel,i7,Windows,Nvidia,dedicated,1000,128,0,0,0,0,0,1920,1080,1060
9494115,Acer,Aspire A517-51G,Notebook,17.3,8,3.0,Intel,i5,Windows,Nvidia,dedicated,0,256,0,0,1,0,0,1920,1080,854
3105555,HP,ProBook 430,Notebook,13.3,4,1.49,Intel,i5,Windows,Intel,integrated,500,0,0,0,1,0,0,1920,1080,754
4386596,Huawei,MateBook X,Ultrabook,13.0,8,1.05,Intel,i5,Windows,Intel,integrated,0,256,0,0,1,0,0,2160,1440,1349
3560567,HP,17-bs001nv (i5-7200U/6GB/2TB/Radeon,Notebook,17.3,6,2.71,Intel,i5,Windows,AMD,dedicated,2000,0,0,0,1,0,0,1920,1080,699
7832068,Lenovo,IdeaPad 320-15AST,Notebook,15.6,4,2.2,AMD,9220,No OS,AMD,dedicated,500,0,0,0,0,0,0,1366,768,309
3178781,Toshiba,Satellite Pro,Notebook,15.6,4,2.0,Intel,i3,Windows,Intel,integrated,500,0,0,0,0,0,0,1366,768,489
1525448,HP,ProBook 470,Notebook,17.3,8,2.5,Intel,i5,Windows,Nvidia,dedicated,0,256,0,0,0,0,0,1920,1080,923
6612197,Dell,Inspiron 3567,Notebook,15.6,8,2.3,Intel,i3,Windows,Intel,integrated,1000,0,0,0,0,0,0,1366,768,459
5099862,Acer,Aspire A315-51,Notebook,15.6,4,2.1,Intel,i3,Windows,Intel,integrated,0,128,0,0,0,0,0,1366,768,449
1380718,MSI,GT80S 6QF-074US,Gaming,18.4,32,4.4,Intel,i7,Windows,Nvidia,dedicated,1000,512,0,0,0,0,0,1920,1080,2799
3093053,Lenovo,V310-15IKB (i5-7200U/8GB/1TB,Notebook,15.6,8,1.9,Intel,i5,Windows,AMD,dedicated,1000,128,0,0,0,0,0,1920,1080,813
2379266,HP,Spectre x360,2 in 1 Convertible,13.3,8,1.29,Intel,i5,Windows,Intel,integrated,0,256,0,0,1,0,1,3840,2160,1499
9952432,Dell,Inspiron 5570,Notebook,15.6,16,2.02,Intel,i7,Linux,AMD,dedicated,2000,256,0,0,0,0,0,1920,1080,1049
1403182,Dell,XPS 13,Ultrabook,13.3,8,1.23,Intel,i5,Windows,Intel,integrated,0,256,0,0,0,0,0,1920,1080,1399
4442628,Lenovo,Yoga 920-13IKB,2 in 1 Convertible,13.9,16,1.4,Intel,i7,Windows,Intel,integrated,0,512,0,0,1,0,1,3840,2160,1849
5895262,Toshiba,Satellite Pro,Notebook,15.6,8,2.0,Intel,i5,Windows,Intel,integrated,0,128,0,0,0,0,0,1366,768,793
2891079,Xiaomi,Mi Notebook,Notebook,15.6,8,1.95,Intel,i5,No OS,Nvidia,dedicated,0,256,0,0,1,0,0,1920,1080,1199
3790174,Dell,Inspiron 7773,Notebook,17.3,16,2.77,Intel,i7,Windows,Nvidia,dedicated,0,512,0,0,0,0,1,1920,1080,1549
5390619,Dell,XPS 15,Notebook,15.6,16,2.06,Intel,i7,Windows,Nvidia,dedicated,0,512,0,0,0,0,1,3840,2160,2397
6280119,Lenovo,Legion Y520-15IKBN,Gaming,15.6,8,2.4,Intel,i5,No OS,Nvidia,dedicated,0,256,0,0,1,0,0,1920,1080,779
5141214,Acer,Swift 7,Ultrabook,13.3,8,1.12,Intel,i5,Windows,Intel,integrated,0,256,0,0,1,0,0,1920,1080,989
3316902,Dell,Inspiron 5770,Notebook,17.3,8,2.8,Intel,i7,Windows,AMD,dedicated,1000,128,0,0,0,0,0,1920,1080,1085
6693961,Lenovo,Thinkpad Yoga,2 in 1 Convertible,14.0,16,1.42,Intel,i7,Windows,Intel,integrated,0,1000,0,0,0,0,1,2560,1440,2824
1422612,Vero,K147 (N3350/4GB/32GB/FHD/W10),Notebook,14.0,4,1.3,Intel,Dual,Windows,Intel,integrated,0,0,0,32,1,0,0,1920,1080,260
1283932,Xiaomi,Mi Notebook,Ultrabook,13.3,8,1.3,Intel,i5,No OS,Nvidia,dedicated,0,256,0,0,1,0,0,1920,1080,999
7621404,Lenovo,IdeaPad 320-17IKBR,Notebook,17.3,8,2.8,Intel,i5,No OS,Nvidia,dedicated,0,256,0,0,0,0,0,1600,900,698
5453672,Dell,Inspiron 5379,2 in 1 Convertible,13.3,8,1.62,Intel,i7,Windows,Intel,integrated,1000,0,0,0,1,0,1,1920,1080,839
3606207,HP,ProBook 470,Notebook,17.3,8,2.5,Intel,i5,Windows,Nvidia,dedicated,1000,0,0,0,1,0,0,1920,1080,914
5813436,Razer,Blade Pro,Gaming,17.3,32,3.49,Intel,i7,Windows,Nvidia,dedicated,0,1000,0,0,0,0,1,3840,2160,6099
6592668,HP,ProBook 430,Notebook,13.3,8,1.49,Intel,i5,Windows,Intel,integrated,0,512,0,0,0,0,0,1920,1080,959
5372953,HP,Omen 17-W295,Gaming,17.3,16,3.35,Intel,i7,Windows,Nvidia,dedicated,1000,256,0,0,1,0,0,1920,1080,1379
9101682,HP,Probook 470,Notebook,17.3,8,2.5,Intel,i7,Windows,Nvidia,dedicated,0,256,0,0,0,0,0,1920,1080,1045
4862478,Dell,Inspiron 7577,Gaming,15.6,16,2.65,Intel,i7,Windows,Nvidia,dedicated,1000,512,0,0,1,0,0,3840,2160,1845
8648363,Lenovo,V110-15ISK (i5-6200U/4GB/128GB/W10),Notebook,15.6,4,2.1,Intel,i5,Windows,Intel,integrated,0,128,0,0,0,0,0,1366,768,493
5060088,Acer,Aspire E5-576G,Notebook,15.6,8,2.23,Intel,i7,Windows,Nvidia,dedicated,1000,0,0,0,0,0,0,1920,1080,742
7003481,Lenovo,Legion Y720-15IKB,Gaming,15.6,16,3.2,Intel,i7,Windows,Nvidia,dedicated,1000,512,0,0,1,0,0,1920,1080,1749
3381880,Dell,Precision 7520,Workstation,15.6,16,2.8,Intel,E3-1505M,Windows,Nvidia,dedicated,1000,256,0,0,0,0,0,3840,2160,3055
5235883,Lenovo,Legion Y520-15IKBN,Gaming,15.6,16,2.4,Intel,i7,No OS,Nvidia,dedicated,0,512,0,0,0,0,0,1920,1080,1398
6635237,Dell,Inspiron 3567,Notebook,15.6,6,2.3,Intel,i3,Windows,Intel,integrated,1000,0,0,0,0,0,1,1366,768,439
9695151,Dell,XPS 13,Ultrabook,13.3,8,1.21,Intel,i7,Windows,Intel,integrated,0,256,0,0,1,0,1,3840,2160,1949
9001030,Dell,XPS 13,Ultrabook,13.3,8,1.2,Intel,i7,Windows,Intel,integrated,0,256,0,0,0,0,0,1920,1080,1449
5028014,Lenovo,IdeaPad 320-15IKBN,Notebook,15.6,8,2.2,Intel,i5,Windows,Intel,integrated,0,256,0,0,0,0,0,1366,768,597
1922158,Acer,Aspire 7,Notebook,15.6,8,2.4,Intel,i7,Linux,Nvidia,dedicated,1000,0,0,0,0,0,0,1920,1080,779
4297762,Asus,ROG GL703VD-GC028T,Gaming,17.3,16,2.9,Intel,i7,Windows,Nvidia,dedicated,1000,256,0,0,0,0,0,1920,1080,1407
4610803,HP,15-bs018nq (i3-6006U/4GB/500GB/FHD/No,Notebook,15.6,4,2.1,Intel,i3,No OS,Intel,integrated,500,0,0,0,0,0,0,1920,1080,349
3205502,Lenovo,IdeaPad 320-15IKBN,Notebook,15.6,8,2.2,Intel,i5,No OS,Intel,integrated,0,256,0,0,0,0,0,1920,1080,549
8252265,Huawei,MateBook X,Ultrabook,13.0,8,1.05,Intel,i7,Windows,Intel,integrated,0,512,0,0,1,0,0,2160,1440,1499
9354140,Dell,Inspiron 5370,Ultrabook,13.3,8,1.4,Intel,i7,Windows,AMD,dedicated,0,256,0,0,1,0,0,1920,1080,931
1711480,Lenovo,IdeaPad 320-17IKB,Notebook,17.3,8,2.8,Intel,i5,No OS,Nvidia,dedicated,1000,0,0,0,0,0,0,1600,900,589
7998232,HP,Probook 440,Notebook,14.0,8,1.63,Intel,i7,Windows,Nvidia,dedicated,0,256,0,0,0,0,0,1920,1080,1031
3051038,Dell,Latitude 5490,Ultrabook,14.0,8,1.6,Intel,i5,Windows,Intel,integrated,0,256,0,0,0,0,0,1920,1080,1149
7412947,Dell,Inspiron 5379,2 in 1 Convertible,13.3,16,1.62,Intel,i7,Windows,Intel,integrated,0,512,0,0,0,0,1,1920,1080,1279
9005892,Dell,Inspiron 3576,Notebook,15.6,8,2.2,Intel,i5,Linux,AMD,dedicated,0,256,0,0,0,0,0,1920,1080,677
9390454,Lenovo,Yoga 520-14IKB,2 in 1 Convertible,14.0,8,1.74,Intel,i5,Windows,Intel,integrated,0,256,0,0,1,0,0,1920,1080,899
9073517,Toshiba,Portege Z30-C-16L,Ultrabook,13.3,8,1.2,Intel,i7,Windows,Intel,integrated,0,256,0,0,0,0,0,1920,1080,1363
3284519,HP,ProBook 450,Notebook,15.6,8,2.1,Intel,i5,Windows,Intel,integrated,1000,0,0,0,0,0,0,1920,1080,794
1725414,Dell,Alienware 17,Gaming,17.3,16,4.42,Intel,i7,Windows,Nvidia,dedicated,1000,256,0,0,1,0,0,1920,1080,2456
5075075,Acer,Aspire E5-576G,Notebook,15.6,8,2.2,Intel,i7,Windows,Nvidia,dedicated,0,256,0,0,0,0,0,1920,1080,832
7436397,Dell,Inspiron 5567,Notebook,15.6,16,2.3,Intel,i7,Windows,AMD,dedicated,1000,0,0,0,0,0,1,1920,1080,859
2579949,Asus,Vivobook X541UV-DM1217T,Notebook,15.6,8,2.0,Intel,i5,Windows,Nvidia,dedicated,0,256,0,0,0,0,0,1920,1080,769
3301667,Asus,K756UX-T4340T (i5-7200U/8GB/500GB,Notebook,17.3,8,2.69,Intel,i5,Windows,Nvidia,dedicated,500,256,0,0,0,0,0,1920,1080,891
4958992,HP,ZBook 15u,Notebook,15.6,8,1.9,Intel,i7,Windows,AMD,dedicated,1000,0,0,0,0,0,0,1920,1080,1269
6001115,Asus,Pro P2540UA-XO0198T,Notebook,15.6,4,2.37,Intel,i3,Windows,Intel,integrated,1000,0,0,0,0,0,0,1366,768,398
4063846,HP,15-rb013nv (E2-9000e/4GB/500GB/W10),Notebook,15.6,4,2.1,AMD,9000e,Windows,AMD,dedicated,500,0,0,0,0,0,0,1366,768,330
1729753,Lenovo,Legion Y720-15IKB,Gaming,15.6,16,3.2,Intel,i7,Windows,Nvidia,dedicated,1000,256,0,0,1,0,0,1920,1080,1499
8259646,Dell,Vostro 5468,Notebook,14.0,8,1.6,Intel,i5,Windows,Intel,integrated,0,256,0,0,0,0,0,1920,1080,859
7512130,Acer,Aspire R7,2 in 1 Convertible,13.3,8,1.6,Intel,i5,Windows,Intel,integrated,0,256,0,0,1,0,1,1920,1080,689
7106466,Dell,Inspiron 5567,Notebook,15.6,16,2.36,Intel,i7,Linux,AMD,dedicated,0,256,0,0,0,0,0,1920,1080,899
1590084,Acer,Aspire A315-51,Notebook,15.6,4,2.1,Intel,i3,Linux,Intel,integrated,1000,0,0,0,0,0,0,1366,768,390
3275171,Asus,X555QG-DM242T (A10-9620P/4GB/1TB,Notebook,15.6,4,2.2,AMD,A10-9620P,Windows,AMD,dedicated,1000,128,0,0,0,0,0,1920,1080,575
6160702,Asus,ROG G703VI-E5062T,Gaming,17.3,32,4.7,Intel,i7,Windows,Nvidia,dedicated,1000,512,0,0,0,0,0,1920,1080,3890
6676364,Acer,Nitro AN515-51,Gaming,15.6,8,2.5,Intel,i5,Windows,Nvidia,dedicated,0,256,0,0,1,0,0,1920,1080,846
6934548,Lenovo,IdeaPad 320-15ISK,Notebook,15.6,8,2.2,Intel,i3,Windows,Intel,integrated,0,128,0,0,0,0,0,1366,768,589
3011384,Asus,VivoBook Pro,Notebook,17.3,8,2.1,Intel,i7,Windows,Nvidia,dedicated,1000,128,0,0,0,0,0,1920,1080,1145
1374202,Asus,F756UX-T4201D (i7-7500U/8GB/128GB,Notebook,17.3,8,2.69,Intel,i7,No OS,Nvidia,dedicated,1000,128,0,0,0,0,0,1920,1080,889
4688003,Dell,Inspiron 5577,Gaming,15.6,8,2.56,Intel,i5,Windows,Nvidia,dedicated,0,256,0,0,0,0,0,1920,1080,879
3304683,Lenovo,Yoga 910-13IKB,2 in 1 Convertible,13.9,8,1.38,Intel,i7,Windows,Intel,integrated,0,256,0,0,1,0,1,1920,1080,1079
7504936,Dell,Inspiron 5570,Notebook,15.6,8,2.2,Intel,i7,Windows,AMD,dedicated,2000,128,0,0,0,0,0,1920,1080,985
5458109,HP,15-bs015dx (i5-7200U/8GB/1TB/W10),Notebook,15.6,8,2.04,Intel,i5,Windows,Intel,integrated,1000,0,0,0,0,0,1,1366,768,559
8106506,Asus,Rog G701VIK-BA060T,Gaming,17.3,16,3.6,Intel,i7,Windows,Nvidia,dedicated,0,256,0,0,0,0,0,1920,1080,2999
3055367,HP,ProBook 430,Notebook,13.3,4,1.49,Intel,i5,Windows,Intel,integrated,500,0,0,0,1,0,0,1920,1080,675
6965963,Apple,MacBook Pro,Ultrabook,13.3,8,1.37,Intel,i5,macOS,Intel,integrated,0,512,0,0,1,1,0,2560,1600,2040
8005325,Dell,Inspiron 5579,2 in 1 Convertible,15.6,8,2.08,Intel,i7,Windows,Intel,integrated,1000,0,0,0,1,0,1,1920,1080,819
1836483,Asus,ROG G752VSK-GC493T,Gaming,17.3,16,4.3,Intel,i7,Windows,Nvidia,dedicated,1000,256,0,0,0,0,0,1920,1080,1799
8953828,Asus,X505BP-BR019T (A9-9420/4GB/1TB/Radeon,Notebook,15.6,4,1.68,AMD,9420,Windows,AMD,dedicated,1000,0,0,0,0,0,0,1366,768,469
7703253,Lenovo,Yoga 920-13IKB,2 in 1 Convertible,13.9,8,1.37,Intel,i7,Windows,Intel,integrated,0,512,0,0,1,0,1,1920,1080,1849
5455416,Acer,Aspire 5,Notebook,17.3,4,3.0,Intel,i3,Windows,Nvidia,dedicated,0,256,0,0,1,0,0,1920,1080,702
5635613,Dell,Vostro 5370,Ultrabook,13.3,8,1.41,Intel,i5,Windows,Intel,integrated,0,256,0,0,0,0,0,1920,1080,949
5009762,HP,15-BW094nd (A6-9220/8GB/128GB/W10),Notebook,15.6,8,1.91,AMD,A6-9220,Windows,AMD,dedicated,0,128,0,0,0,0,0,1366,768,445
4767334,HP,Envy 17-U275cl,Notebook,17.3,16,2.9,Intel,i7,Windows,Nvidia,dedicated,1000,0,0,0,1,0,0,1920,1080,1059
9157769,MSI,GT73EVR 7RE,Gaming,17.3,16,4.14,Intel,i7,Windows,Nvidia,dedicated,1000,512,0,0,0,0,0,1920,1080,2499
7964103,Lenovo,Yoga 720-15IKB,2 in 1 Convertible,15.6,8,2.0,Intel,i7,Windows,Nvidia,dedicated,0,512,0,0,1,0,1,1920,1080,1699
9869141,Dell,Inspiron 5770,Notebook,17.3,8,2.8,Intel,i7,Windows,AMD,dedicated,1000,128,0,0,0,0,0,1920,1080,1142
3779788,Lenovo,IdeaPad 320-15ISK,Notebook,15.6,4,2.2,Intel,i3,No OS,Intel,integrated,0,256,0,0,0,0,0,1920,1080,444
5346081,HP,ProBook 450,Notebook,15.6,4,2.1,Intel,i5,Windows,Intel,integrated,500,0,0,0,1,0,0,1920,1080,722
6805422,Dell,Vostro 3568,Notebook,15.6,4,2.18,Intel,i5,Windows,Intel,integrated,1000,0,0,0,0,0,0,1920,1080,657
9592036,Dell,Inspiron 3567,Notebook,15.6,8,2.24,Intel,i5,Windows,AMD,dedicated,1000,0,0,0,0,0,0,1920,1080,565
3714210,Dell,Inspiron 5579,2 in 1 Convertible,15.6,8,2.67,Intel,i5,Windows,Intel,integrated,0,256,0,0,0,0,1,1920,1080,799
7904302,Asus,ZenBook Flip,2 in 1 Convertible,13.3,8,1.1,Intel,i7,Windows,Intel,integrated,0,1024,0,0,0,0,1,1920,1080,1499
5128076,Lenovo,IdeaPad 320-15IKBN,Notebook,15.6,4,2.2,Intel,i5,No OS,Intel,integrated,1000,0,0,0,0,0,0,1920,1080,467
6632931,HP,Probook 470,Notebook,17.3,8,2.5,Intel,i7,Windows,Nvidia,dedicated,1000,0,0,0,0,0,0,1920,1080,1018
5587263,Lenovo,V330-15IKB (i7-8550U/8GB/256GB/FHD/W10),Notebook,15.6,8,2.05,Intel,i7,Windows,Intel,integrated,0,256,0,0,0,0,0,1920,1080,880
4132701,Apple,MacBook Pro,Ultrabook,13.3,8,1.37,Intel,i5,macOS,Intel,integrated,0,512,0,0,1,1,0,2560,1600,1958
2740496,Asus,Rog Strix,Gaming,17.3,16,3.2,AMD,1700,Windows,AMD,dedicated,1000,256,0,0,0,0,0,1920,1080,1549
7371561,Dell,Inspiron 3576,Notebook,15.6,8,2.14,Intel,i7,Linux,AMD,dedicated,0,256,0,0,0,0,0,1920,1080,735
2417465,Lenovo,ThinkPad X1,2 in 1 Convertible,14.0,16,1.36,Intel,i7,Windows,Intel,integrated,0,512,0,0,0,0,1,2560,1440,2499
9952171,Toshiba,Satellite Pro,Notebook,15.6,8,2.2,Intel,i7,Windows,Nvidia,dedicated,500,0,0,0,0,0,0,1366,768,812
9100292,Dell,Inspiron 5567,Notebook,15.6,12,2.3,Intel,i7,Windows,Intel,integrated,1000,0,0,0,0,0,0,1366,768,713
9000126,Dell,Inspiron 5770,Notebook,17.3,8,2.8,Intel,i7,Linux,AMD,dedicated,1000,128,0,0,0,0,0,1920,1080,1099
5752499,Acer,Aspire A515-51G,Notebook,15.6,8,2.2,Intel,i7,Windows,Nvidia,dedicated,1000,0,0,0,1,0,0,1920,1080,745
9411062,Lenovo,IdeaPad 320-17ISK,Notebook,17.3,4,2.8,Intel,i3,Windows,Intel,integrated,1000,0,0,0,0,0,0,1600,900,489
2811904,Lenovo,IdeaPad 320-17IKBR,Notebook,17.3,8,2.8,Intel,i7,No OS,Nvidia,dedicated,2000,0,0,0,0,0,0,1920,1080,849
1667803,Lenovo,IdeaPad 320-17IKB,Notebook,17.3,6,2.8,Intel,i7,Windows,Nvidia,dedicated,1000,128,0,0,0,0,0,1600,900,859
3825104,Dell,Inspiron 3567,Notebook,15.6,4,2.25,Intel,i3,Linux,AMD,dedicated,1000,0,0,0,0,0,0,1920,1080,428
7040804,Lenovo,Legion Y520-15IKBN,Gaming,15.6,8,2.5,Intel,i5,Windows,Nvidia,dedicated,0,256,0,0,1,0,0,1920,1080,829
7851464,Lenovo,Ideapad 320-15IKBN,Notebook,15.6,6,2.2,Intel,i5,Windows,Intel,integrated,0,256,0,0,0,0,0,1920,1080,579
8664016,Acer,Aspire A517-51G,Notebook,15.6,8,3.0,Intel,i7,Windows,Nvidia,dedicated,0,256,0,0,1,0,0,1920,1080,951
4493683,Acer,SP315-51 (i7-7500U/12GB/1TB/FHD/W10),Notebook,15.6,12,2.15,Intel,i7,Windows,Intel,integrated,1000,0,0,0,1,0,1,1920,1080,659
6178022,Lenovo,Thinkpad T570,Notebook,15.6,8,1.95,Intel,i7,Windows,Intel,integrated,0,256,0,0,1,0,0,1920,1080,1097
3314732,Asus,VivoBook S15,Ultrabook,15.6,8,1.7,Intel,i5,Windows,Nvidia,dedicated,0,256,0,0,0,0,0,1920,1080,977
9254579,Lenovo,Legion Y520-15IKBN,Gaming,15.6,16,2.5,Intel,i7,Windows,Nvidia,dedicated,1000,256,0,0,1,0,0,1920,1080,1179
5597869,Lenovo,IdeaPad 320-15IKB,Notebook,15.6,8,2.2,Intel,i7,No OS,Nvidia,dedicated,1000,0,0,0,0,0,0,1920,1080,659
3840240,Acer,Chromebook C910-C2ST,Notebook,15.6,2,2.19,Intel,Dual,Chrome OS,Intel,integrated,0,16,0,0,0,0,0,1366,768,199
4356626,Asus,FX753VD-GC071T (i7-7700HQ/8GB/1TB/GeForce,Gaming,17.3,8,3.0,Intel,i7,Windows,Nvidia,dedicated,1000,0,0,0,0,0,0,1920,1080,1187
5874067,HP,17-BS037cl (i3-6006U/8GB/1TB/W10),Notebook,17.3,8,2.54,Intel,i3,Windows,Intel,integrated,1000,0,0,0,0,0,0,1600,900,489
4658909,Dell,XPS 15,Notebook,15.6,8,2.0,Intel,i7,Windows,Nvidia,dedicated,0,256,0,0,0,0,0,1920,1080,1829
6828442,Lenovo,V330-15IKB (i5-8250U/8GB/256GB/FHD/W10),Notebook,15.6,8,2.05,Intel,i5,Windows,Intel,integrated,0,256,0,0,0,0,0,1920,1080,739
6828416,Lenovo,Legion Y720-15IKB,Gaming,15.6,8,3.2,Intel,i7,Windows,Nvidia,dedicated,1000,0,0,0,1,0,0,1920,1080,1299
3836511,Acer,Aspire A715-71G,Notebook,15.6,8,2.5,Intel,i7,Linux,Nvidia,dedicated,0,256,0,0,0,0,0,1920,1080,979
1289702,Dell,Precision 7720,Workstation,17.3,16,3.42,Intel,i7,Windows,Nvidia,dedicated,0,256,0,0,0,0,0,1920,1080,2884
4882995,Lenovo,IdeaPad 310-15ABR,Notebook,15.6,6,2.4,AMD,9600P,Windows,AMD,dedicated,1000,0,0,0,0,0,0,1920,1080,499
8831281,Asus,ZenBook UX530UQ-PRO,Ultrabook,15.6,16,1.63,Intel,i7,Windows,Nvidia,dedicated,0,512,0,0,0,0,0,1920,1080,1468
6382974,Asus,VivoBook S14,Notebook,14.0,4,1.3,Intel,i3,Windows,Intel,integrated,0,128,0,0,0,0,0,1366,768,509
5299157,Asus,Rog GL702VS-GC095T,Gaming,17.3,16,2.9,Intel,i7,Windows,Nvidia,dedicated,1000,256,0,0,0,0,0,1920,1080,2122
9102590,Lenovo,IdeaPad 320-17IKB,Notebook,17.3,6,2.8,Intel,i5,Windows,Nvidia,dedicated,1000,0,0,0,0,0,0,1600,900,649
2187552,Lenovo,IdeaPad 320-15IKBN,Notebook,15.6,8,2.2,Intel,i5,No OS,Nvidia,dedicated,2000,0,0,0,0,0,0,1366,768,549
6318733,Asus,GL553VE-FY082T (i7-7700HQ/8GB/1TB,Gaming,15.6,8,2.5,Intel,i7,Windows,Nvidia,dedicated,1000,128,0,0,0,0,0,1920,1080,1265
4758382,Lenovo,IdeaPad 320-15IAP,Notebook,15.6,4,2.2,Intel,Quad,No OS,Intel,integrated,1000,0,0,0,0,0,0,1366,768,359
5155438,HP,EliteBook x360,2 in 1 Convertible,13.3,16,1.28,Intel,i7,Windows,Intel,integrated,0,256,0,0,0,0,1,1920,1080,1975
4751933,Toshiba,Satellite Pro,Notebook,15.6,8,2.2,Intel,i7,Windows,Nvidia,dedicated,0,256,0,0,1,0,0,1920,1080,1043
9169853,Lenovo,IdeaPad 320-15IKB,Notebook,15.6,8,2.3,Intel,i5,Windows,Nvidia,dedicated,1000,128,0,0,0,0,0,1920,1080,819
1792978,HP,250 G6,Notebook,15.6,4,1.86,Intel,i3,Windows,Intel,integrated,1000,0,0,0,0,0,0,1920,1080,469
9137264,Lenovo,IdeaPad 720S-13IKB,Notebook,13.3,8,1.1,Intel,i5,Windows,Intel,integrated,0,256,0,0,1,0,0,1920,1080,999
7023626,Dell,XPS 13,Ultrabook,13.3,16,1.21,Intel,i7,Windows,Intel,integrated,0,1000,0,0,1,0,1,3840,2160,2499
8888588,MSI,GE63VR 7RF,Gaming,15.6,16,2.8,Intel,i7,Windows,Nvidia,dedicated,1000,256,0,0,1,0,0,1920,1080,2099
2618101,Acer,ES1-523-84K7 (A8-7410/8GB/256GB/FHD/W10),Notebook,15.6,8,2.23,AMD,7410,Windows,AMD,dedicated,0,256,0,0,0,0,0,1920,1080,469
1217964,Asus,VivoBook Flip,2 in 1 Convertible,11.6,2,1.1,Intel,Dual,Windows,Intel,integrated,0,0,0,32,0,0,1,1366,768,275
9064647,Dell,Inspiron 5570,Notebook,15.6,8,2.33,Intel,i5,Windows,AMD,dedicated,1000,128,0,0,0,0,0,1920,1080,844
7490527,HP,Spectre x360,2 in 1 Convertible,13.3,16,1.29,Intel,i7,Windows,Intel,integrated,0,1000,0,0,1,0,1,3840,2160,2449
9605347,Lenovo,ThinkPad 13,Notebook,13.3,4,1.45,Intel,Dual,Chrome OS,Intel,integrated,0,0,0,16,0,0,0,1366,768,459
3735815,HP,ProBook 640,Notebook,14.0,8,1.95,Intel,i5,Windows,Intel,integrated,0,256,0,0,0,0,0,1920,1080,980
2170802,Acer,TravelMate B,Notebook,11.6,4,1.4,Intel,Quad,Windows,Intel,integrated,0,0,0,128,0,0,0,1366,768,485
9851339,HP,Elitebook 840,Notebook,14.0,8,1.48,Intel,i7,Windows,Intel,integrated,0,256,0,0,0,0,0,1920,1080,1292
1785326,Lenovo,IdeaPad 320-17IKB,Notebook,17.3,4,2.79,Intel,i5,Windows,Nvidia,dedicated,1000,0,0,0,0,0,0,1600,900,589
4910981,Asus,ZenBook UX410UA-GV183T,Notebook,14.0,8,2.0,Intel,i7,Windows,Intel,integrated,0,256,0,0,0,0,0,1920,1080,1094
3218997,HP,ProBook 450,Notebook,15.6,8,2.1,Intel,i7,Windows,Intel,integrated,1000,0,0,0,1,0,0,1366,768,902
2293266,Acer,Aspire 5,Notebook,15.6,8,2.2,AMD,9720P,Windows,AMD,dedicated,0,256,0,0,0,0,0,1366,768,659
6331638,Lenovo,IdeaPad 120S-14IAP,Notebook,14.0,4,1.44,Intel,Dual,Windows,Intel,integrated,0,0,0,32,0,0,0,1366,768,292
8949300,Acer,Aspire E5-575,Notebook,15.6,6,2.23,Intel,i5,Windows,Intel,integrated,1000,0,0,0,0,0,0,1366,768,549
4766129,Asus,VivoBook S15,Ultrabook,15.6,8,1.7,Intel,i7,Windows,Nvidia,dedicated,0,256,0,0,0,0,0,1920,1080,1049
9636126,HP,Elitebook 820,Ultrabook,12.5,8,1.26,Intel,i7,Windows,Intel,integrated,0,256,0,0,0,0,0,1920,1080,1335
3706512,Dell,XPS 15,Notebook,15.6,32,2.06,Intel,i7,Windows,Nvidia,dedicated,0,1000,0,0,0,0,1,3840,2160,2639
9025650,MSI,GL72M 7REX,Gaming,17.3,8,2.7,Intel,i7,Windows,Nvidia,dedicated,1000,256,0,0,0,0,0,1920,1080,1199
8947698,Toshiba,Satellite Pro,Notebook,15.6,8,2.0,Intel,i5,Windows,Intel,integrated,0,256,0,0,1,0,0,1920,1080,943
5657100,Asus,UX510UX-CN269T (i7-7500U/8GB/256GB,Notebook,14.0,8,2.0,Intel,i7,Windows,Intel,integrated,1000,256,0,0,0,0,0,1920,1080,1334
4292336,Lenovo,V310-15ISK (i3-6006U/4GB/1TB/FHD/W10),Notebook,15.6,4,1.85,Intel,i3,Windows,Intel,integrated,1000,0,0,0,0,0,0,1920,1080,449
7524229,Asus,FX553VD-FY647T (i7-7700HQ/8GB/256GB/GeForce,Gaming,15.6,8,2.5,Intel,i7,Windows,Nvidia,dedicated,0,256,0,0,0,0,0,1920,1080,999
2622610,HP,EliteBook 840,Notebook,14.0,8,1.48,Intel,i5,Windows,Intel,integrated,0,256,0,0,0,0,0,1920,1080,1268
8887221,Dell,Inspiron 7570,Ultrabook,15.6,8,1.9,Intel,i5,Windows,Nvidia,dedicated,1000,128,0,0,1,0,0,1920,1080,1049
9887950,HP,Elitebook 850,Notebook,15.6,8,1.84,Intel,i5,Windows,Intel,integrated,0,256,0,0,0,0,0,1920,1080,1144
5704548,Asus,X541NA (N3350/4GB/1TB/Linux),Notebook,15.6,4,2.0,Intel,Dual,Linux,Intel,integrated,1000,0,0,0,0,0,0,1366,768,274
5561715,Dell,Inspiron 7570,Notebook,15.6,8,2.0,Intel,i5,Windows,Nvidia,dedicated,0,256,0,0,0,0,0,1920,1080,1142
7057109,Dell,Inspiron 3552,Notebook,15.6,4,2.2,Intel,Dual,Linux,Intel,integrated,500,0,0,0,0,0,0,1366,768,274
7523657,Lenovo,IdeaPad 320-15ABR,Notebook,15.6,12,2.2,AMD,9720P,Windows,AMD,dedicated,2000,0,0,0,0,0,0,1920,1080,899
8837038,HP,ProBook 450,Notebook,15.6,8,2.1,Intel,i3,Windows,Nvidia,dedicated,1000,0,0,0,1,0,0,1920,1080,716
3709054,Lenovo,Yoga 920-13IKB,2 in 1 Convertible,13.9,16,1.4,Intel,i7,Windows,Intel,integrated,0,512,0,0,1,0,1,3840,2160,2099
4536952,Dell,XPS 13,Ultrabook,13.3,8,1.2,Intel,i7,Windows,Intel,integrated,0,256,0,0,0,0,0,1920,1080,1579
7205424,Lenovo,Legion Y520-15IKBN,Gaming,15.6,16,2.4,Intel,i7,Windows,Nvidia,dedicated,2000,256,0,0,1,0,0,1920,1080,1129
8357763,HP,Stream 14-AX001nv,Notebook,14.0,2,1.44,Intel,Dual,Windows,Intel,integrated,0,0,0,32,0,0,0,1366,768,279
9852794,Dell,Latitude 5590,Ultrabook,15.6,16,1.88,Intel,i7,Windows,Intel,integrated,0,768,0,0,0,0,0,1920,1080,1607
3608850,Asus,VivoBook Flip,2 in 1 Convertible,11.6,4,1.5,Intel,Dual,Windows,Intel,integrated,0,0,0,32,0,0,1,1366,768,375
3977698,Dell,Inspiron 5570,Ultrabook,15.6,8,1.9,Intel,i5,Windows,AMD,dedicated,1000,0,0,0,0,0,0,1920,1080,663
2702455,Dell,XPS 15,Notebook,15.6,16,2.06,Intel,i7,Windows,Nvidia,dedicated,0,512,0,0,0,0,1,3840,2160,2027
1630305,HP,Elitebook 850,Notebook,15.6,8,1.84,Intel,i7,Windows,Intel,integrated,0,256,0,0,0,0,0,1920,1080,1304
6981436,MSI,GP72MVR 7RFX,Gaming,17.3,8,2.7,Intel,i7,Windows,Nvidia,dedicated,1000,128,0,0,0,0,0,1920,1080,1409
1657927,HP,Zbook 15,Workstation,15.6,8,2.6,Intel,i7,Windows,Nvidia,dedicated,0,256,0,0,0,0,0,1920,1080,1738
6763772,Toshiba,Tecra A50-C-21G,Notebook,15.6,16,2.4,Intel,i7,Windows,Nvidia,dedicated,0,512,0,0,1,0,0,1920,1080,1403
3444668,Dell,Inspiron 5570,Notebook,15.6,8,2.02,Intel,i7,Windows,AMD,dedicated,2000,128,0,0,0,0,0,1920,1080,970
1110217,Lenovo,IdeaPad 320-15IAP,Notebook,15.6,4,2.2,Intel,Dual,No OS,Intel,integrated,1000,0,0,0,0,0,0,1366,768,321
1315593,Dell,Inspiron 7577,Gaming,15.6,8,2.65,Intel,i5,Windows,Nvidia,dedicated,1000,0,0,0,0,0,0,1920,1080,999
6050061,Dell,Inspiron 3567,Notebook,15.6,8,2.36,Intel,i5,Windows,Intel,integrated,2000,0,0,0,0,0,1,1366,768,557
3942089,Dell,Latitude 7480,Notebook,14.0,8,1.36,Intel,i5,Windows,Intel,integrated,0,256,0,0,0,0,0,1920,1080,1427
1028124,HP,250 G6,Notebook,15.6,4,1.86,Intel,i3,Windows,Intel,integrated,500,0,0,0,0,0,0,1366,768,439
7837602,Asus,Zenbook UX410UA-GV027T,Notebook,14.0,8,2.0,Intel,i5,Windows,Intel,integrated,0,256,0,0,0,0,0,1920,1080,945
9606174,Lenovo,IdeaPad 320-17IKB,Notebook,17.3,6,2.8,Intel,i5,Windows,Nvidia,dedicated,1000,128,0,0,0,0,0,1600,900,719
5895007,HP,250 G6,Notebook,15.6,8,1.86,Intel,i5,Windows,Intel,integrated,1000,0,0,0,0,0,0,1920,1080,639
5126178,Lenovo,IdeaPad 320-15ISK,Notebook,15.6,8,2.2,Intel,i3,No OS,Nvidia,dedicated,0,256,0,0,0,0,0,1366,768,499
2946920,HP,15-AY023na (N3710/8GB/2TB/W10),Notebook,15.6,8,2.04,Intel,Quad,Windows,Intel,integrated,2000,0,0,0,0,0,0,1366,768,389
4762286,Dell,Inspiron 5770,Notebook,17.3,8,2.8,Intel,i5,Windows,AMD,dedicated,1000,128,0,0,0,0,0,1920,1080,1085
1268870,Lenovo,Legion Y520-15IKBN,Gaming,15.6,8,2.4,Intel,i5,No OS,Nvidia,dedicated,1000,128,0,0,1,0,0,1920,1080,809
7130324,Dell,Inspiron 5567,Notebook,15.6,8,2.33,Intel,i7,Windows,AMD,dedicated,0,256,0,0,0,0,0,1920,1080,899
6343880,HP,Elitebook 1040,Ultrabook,14.0,8,1.36,Intel,i7,Windows,Intel,integrated,0,256,0,0,1,0,0,1920,1080,1750
8607450,Asus,ZenBook Flip,2 in 1 Convertible,15.6,12,2.26,Intel,i7,Windows,Nvidia,dedicated,2000,512,0,0,0,0,1,1920,1080,1099
4231453,Acer,Aspire 3,Notebook,15.6,4,2.1,AMD,9420,Windows,AMD,dedicated,0,128,0,0,0,0,0,1366,768,426
2304858,Asus,Rog Strix,Gaming,17.3,16,3.25,AMD,1700,Windows,AMD,dedicated,1000,256,0,0,1,0,0,1920,1080,2199
3310330,Lenovo,IdeaPad 110-17ACL,Notebook,17.3,4,2.6,AMD,7410,Windows,AMD,dedicated,0,128,0,0,0,0,0,1600,900,489
8312235,Dell,Inspiron 5379,2 in 1 Convertible,13.3,8,1.62,Intel,i7,Windows,Intel,integrated,0,256,0,0,0,0,1,1920,1080,869
5910857,HP,15-bw003nv (A9-Series-9420/4GB/256GB/FHD/W10),Notebook,15.6,4,1.91,AMD,9420,Windows,AMD,dedicated,0,256,0,0,0,0,0,1920,1080,488
4508969,Lenovo,Yoga 11e,Netbook,11.6,4,1.59,Intel,Quad,Windows,Intel,integrated,0,128,0,0,1,0,0,1366,768,553
4515208,Dell,Inspiron 3552,Notebook,15.6,4,1.8,Intel,Dual,Windows,Intel,integrated,500,0,0,0,0,0,0,1366,768,309
4075306,Asus,VivoBook E403NA,Notebook,14.0,4,1.5,Intel,Dual,Windows,Intel,integrated,0,0,0,32,0,0,0,1366,768,286
1689001,Acer,Aspire 7,Notebook,15.6,8,2.4,Intel,i7,Linux,Nvidia,dedicated,1000,0,0,0,0,0,0,1920,1080,846
3394169,HP,Omen 17-w212nv,Gaming,17.3,8,3.35,Intel,i7,Windows,Nvidia,dedicated,1000,128,0,0,1,0,0,1920,1080,1191
4998732,Lenovo,V310-15ISK (i3-6006U/4GB/128GB/FHD/No,Notebook,15.6,4,1.85,Intel,i3,No OS,Intel,integrated,0,128,0,0,0,0,0,1920,1080,403
9034864,Asus,ROG Strix,Gaming,15.6,8,2.3,Intel,i7,Windows,Nvidia,dedicated,1000,128,0,0,1,0,0,1920,1080,1655
8204777,Lenovo,IdeaPad 720S-14IKB,Notebook,14.0,8,1.5,Intel,i5,Windows,Nvidia,dedicated,0,256,0,0,1,0,0,1920,1080,1099
5485780,Asus,Zenbook Flip,Ultrabook,13.3,16,1.1,Intel,i7,Windows,Intel,integrated,0,512,0,0,0,0,1,1920,1080,1748
5091951,Lenovo,Thinkpad X1,Ultrabook,14.0,8,1.13,Intel,i7,Windows,Intel,integrated,0,512,0,0,1,0,0,2560,1440,2282
2710556,Lenovo,Ideapad 510S-13IKB,Notebook,13.3,4,1.5,Intel,i3,Windows,Intel,integrated,0,128,0,0,1,0,0,1920,1080,549
7797038,Dell,Precision 3510,Workstation,15.6,8,2.23,Intel,i5,Windows,AMD,dedicated,500,0,0,0,0,0,0,1920,1080,1369
1217342,Dell,Precision 5520,Workstation,15.6,8,2.0,Intel,i7,Windows,Nvidia,dedicated,0,256,0,0,1,0,0,1920,1080,2135
2262347,Lenovo,ThinkPad X1,2 in 1 Convertible,14.0,16,1.42,Intel,i7,Windows,Intel,integrated,0,512,0,0,0,0,1,2560,1440,2509
5953806,Asus,Rog GL753VD-GC042T,Gaming,17.3,8,3.0,Intel,i7,Windows,Nvidia,dedicated,1000,0,0,0,0,0,0,1920,1080,1039
2481400,Asus,Rog GL753VE-GC070T,Gaming,17.3,16,3.0,Intel,i7,Windows,Nvidia,dedicated,1000,256,0,0,0,0,0,1920,1080,1591
7342677,Acer,Aspire 5,Notebook,15.6,12,2.2,Intel,i5,Windows,Nvidia,dedicated,1000,0,0,0,1,0,0,1366,768,693
2731118,MSI,Leopard GP72M,Gaming,17.3,8,2.7,Intel,i7,Windows,Nvidia,dedicated,0,256,0,0,0,0,0,1920,1080,1349
7244694,Dell,Inspiron 5567,Notebook,15.6,8,2.33,Intel,i7,Linux,AMD,dedicated,0,256,0,0,0,0,0,1920,1080,778
2428949,HP,15-BW004nv (A9-9420/4GB/256GB/Radeon,Ultrabook,15.6,4,1.91,AMD,9420,Windows,AMD,dedicated,0,256,0,0,0,0,0,1920,1080,499
9111452,Lenovo,ThinkPad E580,Notebook,15.6,8,2.1,Intel,i7,Windows,AMD,dedicated,0,256,0,0,1,0,0,1920,1080,1229
1538812,Lenovo,ThinkPad L470,Notebook,14.0,8,1.9,Intel,i5,Windows,Intel,integrated,0,256,0,0,1,0,0,1920,1080,938
9548081,Dell,Precision M5520,Workstation,15.6,8,1.78,Intel,i7,Windows,Nvidia,dedicated,0,256,0,0,0,0,1,3840,2160,2712
1198983,Lenovo,Thinkpad X1,Ultrabook,14.0,16,1.13,Intel,i7,Windows,Intel,integrated,0,1000,0,0,1,0,0,2560,1440,2625
3291293,Lenovo,IdeaPad 320-15IAP,Notebook,15.6,4,2.2,Intel,Dual,Windows,Intel,integrated,1000,0,0,0,0,0,0,1366,768,306
2126641,Asus,FX753VD-GC461T (i7-7700HQ/16GB/1TB,Gaming,17.3,16,2.9,Intel,i7,Windows,Nvidia,dedicated,1000,256,0,0,0,0,0,1920,1080,1529
2792537,Lenovo,ThinkPad E580,Notebook,15.6,8,2.1,Intel,i5,Windows,AMD,dedicated,1000,256,0,0,1,0,0,1920,1080,1144
8681714,Acer,Aspire 7,Notebook,15.6,8,2.5,Intel,i7,Linux,Nvidia,dedicated,0,256,0,0,0,0,0,1920,1080,879
2455950,MSI,GE73VR 7RF,Gaming,17.3,16,2.8,Intel,i7,Windows,Nvidia,dedicated,1000,256,0,0,0,0,0,1920,1080,2249
7376742,Asus,Zenbook 3,Ultrabook,14.0,8,1.1,Intel,i7,Windows,Intel,integrated,0,512,0,0,0,0,0,1920,1080,1873
7040500,Toshiba,Portege Z30-C-16P,Ultrabook,13.3,16,1.2,Intel,i7,Windows,Intel,integrated,0,512,0,0,0,0,0,1920,1080,1747
9763247,Dell,Latitude 7480,Ultrabook,14.0,8,1.36,Intel,i7,Windows,Intel,integrated,0,512,0,0,0,0,0,1920,1080,1680
3768307,Lenovo,IdeaPad 320-15ISK,Notebook,15.6,4,2.2,Intel,i3,Windows,Intel,integrated,500,0,0,0,0,0,0,1920,1080,409
7691938,Lenovo,Lenovo IdeaPad,Notebook,11.6,2,1.15,Intel,Dual,Windows,Intel,integrated,0,0,0,32,0,0,0,1366,768,304
6927432,Lenovo,ThinkPad P51,Workstation,15.6,8,2.67,Intel,i7,Windows,Nvidia,dedicated,0,512,0,0,0,0,0,1920,1080,1925
5250704,Lenovo,Thinkpad T470p,Ultrabook,14.0,8,1.7,Intel,i7,Windows,Nvidia,dedicated,0,512,0,0,1,0,0,2560,1440,1943
7840851,HP,15-BS028nv (i3-6006U/4GB/1TB/Radeon,Notebook,15.6,4,2.1,Intel,i3,Windows,AMD,dedicated,1000,0,0,0,0,0,0,1920,1080,469
5336732,Acer,Aspire R7,2 in 1 Convertible,13.3,8,1.6,Intel,i7,Windows,Intel,integrated,0,256,0,0,1,0,1,1920,1080,789
6047308,Asus,ZenBook Flip,2 in 1 Convertible,13.3,8,1.27,Intel,i5,Windows,Intel,integrated,0,256,0,0,1,0,1,1920,1080,928
3277178,Dell,Inspiron 3567,Notebook,15.6,4,2.3,Intel,i5,Linux,AMD,dedicated,0,256,0,0,0,0,0,1920,1080,598
5889537,Dell,Latitude 3380,Notebook,13.3,4,1.65,Intel,i3,Windows,Intel,integrated,0,128,0,0,0,0,0,1366,768,689
8762444,HP,EliteBook 1040,Ultrabook,14.0,8,1.43,Intel,i7,Windows,Intel,integrated,0,256,0,0,0,0,0,1920,1080,1500
8100250,Dell,Inspiron 3567,Notebook,15.6,8,2.14,Intel,i5,Windows,Intel,integrated,1000,0,0,0,0,0,0,1366,768,539
5247058,Lenovo,ThinkPad E480,Ultrabook,14.0,8,1.75,Intel,i7,Windows,AMD,dedicated,0,256,0,0,1,0,0,1920,1080,1215
6872646,Lenovo,Yoga 720-15IKB,2 in 1 Convertible,15.6,16,2.0,Intel,i7,Windows,Nvidia,dedicated,0,512,0,0,1,0,1,3840,2160,1899
5439001,Chuwi,LapBook 12.3,Notebook,12.3,6,1.4,Intel,Quad,Windows,Intel,integrated,0,0,0,64,1,1,0,2736,1824,449
9036512,HP,ProBook 650,Notebook,15.6,8,2.31,Intel,i7,Windows,Intel,integrated,0,256,0,0,0,0,0,1920,1080,1427
3016600,Asus,X542UQ-DM117 (i3-7100U/8GB/1TB/GeForce,Notebook,15.6,8,2.3,Intel,i3,Linux,Nvidia,dedicated,1000,0,0,0,0,0,0,1920,1080,597
3281537,Dell,Alienware 17,Gaming,17.3,16,4.42,Intel,i7,Windows,Nvidia,dedicated,1000,256,0,0,1,0,0,2560,1440,2799
5155985,Dell,Inspiron 7577,Gaming,15.6,8,2.62,Intel,i7,Windows,Nvidia,dedicated,1000,128,0,0,1,0,0,1920,1080,1159
1849371,Dell,Inspiron 5570,Notebook,15.6,8,2.02,Intel,i7,Windows,AMD,dedicated,2000,256,0,0,0,0,0,1920,1080,1142
8570885,Dell,Latitude 5480,Ultrabook,14.0,8,1.6,Intel,i7,Linux,Intel,integrated,0,256,0,0,0,0,0,1920,1080,1099
3043315,HP,Omen 17-w207nv,Gaming,17.3,12,3.35,Intel,i7,Windows,Nvidia,dedicated,1000,256,0,0,0,0,0,1920,1080,1999
6888724,Mediacom,FlexBook Edge,2 in 1 Convertible,11.6,4,1.16,Intel,Dual,Windows,Intel,integrated,0,32,0,0,1,0,1,1920,1080,299
4189305,Samsung,Chromebook 3,Netbook,11.6,4,1.15,Intel,Dual,Chrome OS,Intel,integrated,0,0,0,16,0,0,0,1366,768,269
6766298,Lenovo,Thinkpad 13,Notebook,13.3,8,1.4,Intel,i7,Windows,Intel,integrated,0,256,0,0,1,0,0,1920,1080,1010
6712628,Lenovo,IdeaPad 320s-14IKB,Notebook,14.0,4,1.7,Intel,i3,Windows,Intel,integrated,0,128,0,0,1,0,0,1920,1080,599
7586340,Lenovo,Thinkpad T570,Workstation,15.6,16,2.3,Intel,i7,Windows,Nvidia,dedicated,0,512,0,0,1,0,0,3840,2160,2445
4377081,Lenovo,Thinkpad P51,Notebook,15.6,16,2.5,Intel,i7,Windows,Nvidia,dedicated,0,512,0,0,0,0,0,1920,1080,2449
5540586,Asus,Rog Strix,Gaming,17.3,8,3.2,AMD,1600,Windows,AMD,dedicated,1000,256,0,0,0,0,0,1920,1080,1695
8743725,HP,15-ra044nv (N3060/4GB/500GB/W10),Notebook,15.6,4,2.1,Intel,Dual,Windows,Intel,integrated,500,0,0,0,0,0,0,1366,768,347
8360704,Google,Pixelbook (Core,Ultrabook,12.3,16,1.1,Intel,i7,Chrome OS,Intel,integrated,0,512,0,0,0,0,1,2400,1600,2199
9708898,Lenovo,ThinkPad T470s,Ultrabook,14.0,24,1.32,Intel,i7,Windows,Intel,integrated,0,512,0,0,0,0,0,2560,1440,2382
8970088,Asus,VivoBook Max,Notebook,15.6,4,2.0,Intel,i5,Linux,Intel,integrated,0,256,0,0,0,0,0,1920,1080,559
1998281,Lenovo,IdeaPad 320-15AST,Notebook,17.3,8,2.8,AMD,9220,Windows,AMD,dedicated,1000,0,0,0,0,0,0,1600,900,519
8537981,Dell,Inspiron 5570,Notebook,15.6,4,2.2,Intel,i5,Windows,AMD,dedicated,0,256,0,0,0,0,0,1920,1080,749
9716587,Lenovo,ThinkPad X270,Ultrabook,12.5,8,1.36,Intel,i5,Windows,Intel,integrated,0,256,0,0,1,0,0,1920,1080,1429
9313086,Lenovo,IdeaPad 320-15IAP,Notebook,15.6,4,2.2,Intel,Quad,Windows,Intel,integrated,0,128,0,0,0,0,0,1920,1080,349
3711170,HP,Omen 15-AX205na,Gaming,15.6,8,2.2,Intel,i7,Windows,Nvidia,dedicated,1000,128,0,0,1,0,0,1920,1080,1099
6568761,Dell,Latitude 5480,Notebook,14.0,8,1.64,Intel,i5,Windows,Nvidia,dedicated,0,256,0,0,0,0,0,1920,1080,1179
6175820,Acer,Aspire ES1-572,Notebook,15.6,4,2.4,Intel,i5,Linux,Intel,integrated,500,0,0,0,0,0,0,1366,768,441
8162291,Dell,Precision 3520,Workstation,15.6,8,2.23,Intel,E3-1505M,Windows,Nvidia,dedicated,1000,0,0,64,0,0,0,1920,1080,1993
7697584,MSI,GV62 7RD-1686NL,Gaming,15.6,8,2.2,Intel,i5,Windows,Nvidia,dedicated,0,256,0,0,0,0,0,1920,1080,1027
4525445,Microsoft,Surface Laptop,Ultrabook,13.5,16,1.25,Intel,i7,Windows,Intel,integrated,0,512,0,0,0,0,1,2256,1504,2589
4741706,HP,15-bs024nv (i5-7200U/8GB/128GB/W10),Notebook,15.6,8,1.91,Intel,i5,Windows,Intel,integrated,0,128,0,0,0,0,0,1366,768,589
8313277,Dell,Precision 3520,Workstation,15.6,16,2.17,Intel,i7,Windows,Nvidia,dedicated,0,256,0,0,1,0,0,1920,1080,1975
7140768,HP,ProBook 650,Workstation,15.6,8,2.31,Intel,i7,Windows,Intel,integrated,0,512,0,0,1,0,0,1920,1080,1534
8656692,Lenovo,ThinkPad T470,Notebook,14.0,8,1.65,Intel,i5,Windows,Intel,integrated,0,256,0,0,0,0,0,1920,1080,1345
6936735,Dell,Inspiron 5570,Notebook,15.6,8,2.36,Intel,i7,Windows,AMD,dedicated,1000,128,0,0,0,0,0,1920,1080,979
3465662,Dell,Inspiron 3168,2 in 1 Convertible,11.6,4,1.47,Intel,Quad,Windows,Intel,integrated,500,0,0,0,0,0,1,1366,768,479
8468788,Dell,Alienware 17,Notebook,17.3,8,4.42,Intel,i7,Windows,Nvidia,dedicated,1000,0,0,0,1,0,0,1920,1080,2046
6143026,Microsoft,Surface Laptop,Ultrabook,13.5,4,1.252,Intel,M,Windows,Intel,integrated,0,128,0,0,0,0,1,2256,1504,989
9094170,Microsoft,Surface Laptop,Ultrabook,13.5,8,1.25,Intel,i7,Windows,Intel,integrated,0,256,0,0,0,0,1,2256,1504,1799
4291947,HP,17-BS092ND (i3-6006U/8GB/256GB/W10),Notebook,17.3,8,2.5,Intel,i3,Windows,Intel,integrated,0,256,0,0,0,0,0,1600,900,639
7895184,Acer,Aspire E5-576G,Notebook,15.6,4,2.23,Intel,i3,Windows,Nvidia,dedicated,1000,0,0,0,0,0,0,1920,1080,544
2149621,Acer,TravelMate B,Netbook,11.6,4,1.4,Intel,Dual,Windows,Intel,integrated,0,128,0,0,0,0,0,1366,768,435
3602417,Asus,Pro P2540UA-AB51,Notebook,15.6,8,2.37,Intel,i5,Windows,Intel,integrated,1000,0,0,0,0,0,0,1920,1080,749
9715794,Lenovo,IdeaPad 510s-14IKB,Notebook,14.0,8,1.5,Intel,i7,No OS,AMD,dedicated,0,512,0,0,1,0,0,1920,1080,799
5209898,Lenovo,Thinkpad P51,Notebook,15.6,8,2.67,Intel,i7,Windows,Nvidia,dedicated,0,256,0,0,0,0,0,1920,1080,2090
5415577,Asus,X541NA-PD1003Y (N4200/4GB/500GB/W10),Notebook,15.6,4,2.0,Intel,Quad,Windows,Intel,integrated,500,0,0,0,0,0,0,1366,768,304
8705589,Acer,Aspire 5,Notebook,15.6,4,2.2,Intel,i3,Windows,Nvidia,dedicated,500,0,0,0,0,0,0,1366,768,469
8440789,Dell,Inspiron 5570,Notebook,15.6,8,2.02,Intel,i5,Windows,AMD,dedicated,2000,0,0,0,0,0,0,1920,1080,759
7562796,HP,Omen 17-an006nv,Gaming,17.3,12,3.78,Intel,i7,Windows,Nvidia,dedicated,1000,0,0,0,1,0,0,1920,1080,1699
3403764,Lenovo,Thinkpad T460s,Ultrabook,14.0,12,1.4,Intel,i7,Windows,Intel,integrated,0,256,0,0,1,0,0,2560,1440,1858
5638350,HP,Spectre x360,2 in 1 Convertible,13.3,8,1.29,Intel,i7,Windows,Intel,integrated,0,512,0,0,1,0,1,3840,2160,1999
2047297,HP,ZBook 15u,Notebook,15.6,8,1.9,Intel,i5,Windows,AMD,dedicated,500,0,0,0,0,0,0,1920,1080,1154
3441250,Google,Pixelbook (Core,Ultrabook,12.3,8,1.1,Intel,i5,Chrome OS,Intel,integrated,0,128,0,0,0,0,1,2400,1600,1275
4580639,Dell,Latitude 7390,Ultrabook,13.3,8,1.42,Intel,i5,Windows,Intel,integrated,0,256,0,0,0,0,1,1920,1080,1841
9414579,Asus,ZenBook Pro,Notebook,15.6,12,2.06,Intel,i7,Windows,Intel,integrated,1000,128,0,0,1,0,0,3840,2160,1299
2363883,Dell,Latitude E5470,Notebook,14.0,8,1.79,Intel,i3,Windows,Intel,integrated,0,128,0,0,0,0,0,1366,768,740
5942103,Dell,Precision M5520,Workstation,15.6,8,1.78,Intel,i7,Windows,Nvidia,dedicated,0,256,0,0,0,0,0,1920,1080,2408
3784535,Lenovo,Thinkpad T470,Notebook,14.0,8,1.7,Intel,i5,Windows,Intel,integrated,0,180,0,0,0,0,0,1920,1080,1364
6223157,Dell,Inspiron 3576,Notebook,15.6,8,2.2,Intel,i5,Windows,AMD,dedicated,1000,0,0,0,0,0,0,1920,1080,675
2736549,Toshiba,Portege X30-D-10J,Notebook,13.3,8,1.05,Intel,i5,Windows,Intel,integrated,0,256,0,0,1,0,0,1920,1080,1672
5305628,Dell,Inspiron 7570,Notebook,15.6,8,2.16,Intel,i7,Windows,Nvidia,dedicated,0,512,0,0,1,0,0,1920,1080,1262
1273121,Dell,Vostro 3568,Notebook,15.6,4,2.18,Intel,i3,Windows,Intel,integrated,1000,0,0,0,0,0,0,1366,768,586
3423499,HP,ProBook 430,Notebook,13.3,4,1.49,Intel,i5,Windows,Intel,integrated,0,128,0,0,1,0,0,1920,1080,726
9332618,Chuwi,"Lapbook 15,6",Notebook,15.6,4,1.89,Intel,x5-Z8350,Windows,Intel,integrated,0,0,0,64,0,0,0,1920,1080,248
1408165,Lenovo,ThinkPad E570,Notebook,15.6,4,2.3,Intel,i3,Windows,Intel,integrated,0,128,0,0,0,0,0,1366,768,565
9248942,Lenovo,ThinkPad E480,Notebook,14.0,8,1.75,Intel,i5,Windows,Intel,integrated,0,256,0,0,1,0,0,1920,1080,1049
4869811,Dell,Precision 3520,Workstation,15.6,16,2.17,Intel,i7,Windows,Nvidia,dedicated,0,512,0,0,1,0,0,1920,1080,2338
7122247,Dell,XPS 15,Notebook,15.6,16,2.06,Intel,i7,Windows,Nvidia,dedicated,0,512,0,0,0,0,0,1920,1080,1899
1733409,Lenovo,Thinkpad X270,Ultrabook,12.5,16,1.36,Intel,i7,Windows,Intel,integrated,0,512,0,0,1,0,0,1920,1080,1798
1681649,Asus,Zenbook UX390UA,Ultrabook,12.5,16,0.91,Intel,i7,Windows,Intel,integrated,0,512,0,0,0,0,0,1920,1080,1950
5590223,Lenovo,Thinkpad E570,Notebook,15.6,8,2.3,Intel,i5,Windows,Nvidia,dedicated,0,256,0,0,1,0,0,1920,1080,1011
8872177,Toshiba,Portege X30-D-10L,Ultrabook,13.3,32,1.05,Intel,i7,Windows,Intel,integrated,0,512,0,0,0,0,1,1920,1080,2799
5077630,Asus,VivoBook Pro,Gaming,15.6,8,1.99,Intel,i7,Windows,Nvidia,dedicated,1000,128,0,0,0,0,0,1920,1080,1350
5618176,Acer,Aspire 5,Notebook,15.6,8,2.2,AMD,9620P,Windows,AMD,dedicated,1000,0,0,0,0,0,0,1366,768,579
8100929,Asus,Rog G752VL-UH71T,Gaming,17.3,24,4.33,Intel,i7,Windows,Nvidia,dedicated,1000,256,0,0,1,0,1,1920,1080,1269
4676586,Lenovo,Thinkpad X260,Ultrabook,12.5,8,1.3,Intel,i5,Windows,Intel,integrated,0,180,0,0,1,0,0,1366,768,1099
9636255,Lenovo,Ideapad 520-15IKBR,Notebook,15.6,8,2.17,Intel,i7,Windows,Intel,integrated,0,256,0,0,0,0,0,1920,1080,898
4264201,HP,EliteBook 840,Notebook,14.0,8,1.48,Intel,i7,Windows,Intel,integrated,0,1000,0,0,0,0,0,1920,1080,1749
9131644,Lenovo,ThinkPad 13,Notebook,13.3,8,1.4,Intel,i3,Windows,Intel,integrated,0,256,0,0,1,0,0,1920,1080,949
9163575,Lenovo,ThinkPad L570,Notebook,15.6,8,2.3,Intel,i5,Windows,Intel,integrated,0,256,0,0,1,0,0,1920,1080,911
9330917,Asus,VivoBook E201NA,Netbook,11.6,4,1.2,Intel,Dual,Windows,Intel,integrated,0,0,0,64,0,0,0,1366,768,340
3447895,HP,15-BS026nv (i5-7200U/8GB/256GB/Radeon,Notebook,15.6,8,1.91,Intel,i5,Windows,AMD,dedicated,0,256,0,0,0,0,0,1366,768,618
4289823,Lenovo,Yoga 920-13IKB,2 in 1 Convertible,13.9,8,1.4,Intel,i5,Windows,Intel,integrated,0,256,0,0,1,0,1,1920,1080,1599
3838481,Lenovo,IdeaPad 320-14IAP,Notebook,14.0,4,2.1,Intel,Dual,Windows,Intel,integrated,500,0,0,0,0,0,0,1366,768,299
3853699,Lenovo,Chromebook N23,Netbook,11.6,4,1.25,Intel,Dual,Chrome OS,Intel,integrated,0,16,0,0,0,0,0,1366,768,265
9741930,Lenovo,ThinkPad 13,Notebook,13.3,8,1.44,Intel,i5,Windows,Intel,integrated,0,256,0,0,0,0,0,1920,1080,949
7078924,Asus,ZenBook UX510UX-CN211T,Notebook,15.6,8,2.0,Intel,i7,Windows,Intel,integrated,1000,256,0,0,0,0,0,1920,1080,1224
6754452,Acer,Aspire A515-51G-59QF,Notebook,15.6,4,2.2,Intel,i5,Windows,Nvidia,dedicated,1000,0,0,0,1,0,0,1920,1080,613
9598638,HP,Envy 13-AB002nv,Ultrabook,13.3,8,1.34,Intel,i7,Windows,Intel,integrated,0,512,0,0,1,0,0,1920,1080,1323
1595818,Lenovo,Legion Y520-15IKBN,Gaming,15.6,8,2.4,Intel,i7,No OS,Nvidia,dedicated,1000,256,0,0,1,0,0,1920,1080,1149
7384405,Dell,XPS 13,Ultrabook,13.3,8,1.29,Intel,i5,Windows,Intel,integrated,0,128,0,0,1,0,1,1920,1080,899
4717816,Acer,Aspire A515-51G,Notebook,15.6,4,2.2,Intel,i7,Windows,Nvidia,dedicated,500,0,0,0,0,0,0,1920,1080,639
6924027,Dell,Vostro 5568,Notebook,15.6,8,2.18,Intel,i5,Windows,Intel,integrated,1000,0,0,0,0,0,0,1920,1080,836
9898762,Dell,Inspiron 5570,Notebook,15.6,16,2.2,Intel,i7,Windows,AMD,dedicated,2000,256,0,0,0,0,0,1920,1080,1219
2851518,Xiaomi,Mi Notebook,Notebook,15.6,16,1.95,Intel,i7,No OS,Nvidia,dedicated,0,256,0,0,1,0,0,1920,1080,1399
2675438,Asus,VivoBook E12,Netbook,11.6,2,1.1,Intel,Dual,Windows,Intel,integrated,0,0,0,32,0,0,0,1366,768,245
5468624,HP,15-bs190od (i5-8250U/4GB/1TB/W10),Notebook,15.6,4,2.04,Intel,i5,Windows,Intel,integrated,1000,0,0,0,0,0,1,1366,768,521
6105181,Asus,ROG Zephyrus,Gaming,15.6,24,2.24,Intel,i7,Windows,Nvidia,dedicated,0,512,0,0,0,0,0,1920,1080,2968
3664034,HP,Probook 450,Notebook,15.6,8,2.04,Intel,i5,Windows,Nvidia,dedicated,0,256,0,0,0,0,0,1920,1080,889
9910129,Asus,FX753VE-GC155T (i7-7700HQ/16GB/1TB,Gaming,17.3,16,3.0,Intel,i7,Windows,Nvidia,dedicated,1000,256,0,0,0,0,0,1920,1080,1504
2717281,Lenovo,Legion Y720-15IKB,Gaming,15.6,8,3.2,Intel,i7,Windows,Nvidia,dedicated,1000,256,0,0,1,0,0,1920,1080,1399
4301142,HP,Spectre X360,Ultrabook,13.3,8,1.32,Intel,i7,Windows,Intel,integrated,0,256,0,0,1,0,0,1920,1080,1399
7003168,Dell,Latitude 5480,Notebook,14.0,8,1.64,Intel,i5,Windows,Intel,integrated,0,256,0,0,0,0,0,1920,1080,1279
4568693,HP,ProBook 440,Notebook,15.6,4,1.63,Intel,i3,Windows,Intel,integrated,0,128,0,0,0,0,0,1366,768,689
9317246,Dell,Inspiron 5770,Notebook,17.3,8,2.8,Intel,i5,Linux,AMD,dedicated,1000,128,0,0,1,0,0,1920,1080,889
3650180,Lenovo,ThinkPad L470,Notebook,14.0,8,2.02,Intel,i5,Windows,Intel,integrated,0,256,0,0,0,0,0,1920,1080,1340
6456744,Lenovo,IdeaPad 320-15IKB,Notebook,15.6,4,2.2,Intel,i7,Windows,Nvidia,dedicated,1000,0,0,0,0,0,0,1920,1080,799
3310709,Lenovo,IdeaPad 320-15ISK,Notebook,15.6,8,2.2,Intel,i3,No OS,Nvidia,dedicated,2000,0,0,0,0,0,0,1366,768,459
6594000,Dell,Inspiron 3567,Notebook,15.6,4,2.3,Intel,i5,Windows,AMD,dedicated,500,0,0,0,0,0,0,1920,1080,585
4076147,Dell,Latitude 5580,Notebook,15.6,8,1.9,Intel,i5,Windows,Intel,integrated,0,256,0,0,0,0,0,1920,1080,1377
7749329,Dell,Alienware 17,Gaming,17.3,16,4.42,Intel,i7,Windows,Nvidia,dedicated,1000,128,0,0,1,0,0,1920,1080,3012
5376127,Toshiba,Satellite Pro,Notebook,15.6,8,2.0,Intel,i5,Windows,Intel,integrated,500,0,0,0,1,0,0,1920,1080,860
1084004,Asus,Zenbook UX510UW-FI095T,Notebook,15.6,8,2.0,Intel,i7,Windows,Nvidia,dedicated,1000,256,0,0,1,0,0,3840,2160,1299
9572839,Mediacom,SmartBook Edge,Notebook,13.3,4,1.2,Intel,Quad,Windows,Intel,integrated,0,32,0,0,1,0,0,1920,1080,369
7494434,Asus,ROG Strix,Gaming,15.6,8,2.3,Intel,i5,Windows,Nvidia,dedicated,1000,128,0,0,1,0,0,1920,1080,1649
8955418,Dell,Latitude 5580,Notebook,15.6,8,1.93,Intel,i7,Windows,Nvidia,dedicated,0,256,0,0,0,0,0,1920,1080,1369
6801203,Dell,Inspiron 5570,Notebook,15.6,8,2.2,Intel,i5,Windows,AMD,dedicated,0,256,0,0,0,0,0,1920,1080,797
4520479,HP,250 G6,Notebook,15.6,4,1.86,Intel,Quad,Windows,Intel,integrated,0,256,0,0,0,0,0,1920,1080,398
3373482,HP,Omen 15-ce006nv,Gaming,17.3,12,2.62,Intel,i7,Windows,Nvidia,dedicated,1000,0,0,0,0,0,0,1920,1080,1799
5397402,Lenovo,Thinkpad E470,Notebook,14.0,8,1.87,Intel,i7,Windows,Nvidia,dedicated,0,256,0,0,1,0,0,1920,1080,859
1935950,Dell,XPS 13,Ultrabook,13.3,8,1.2,Intel,i7,Windows,Intel,integrated,0,256,0,0,0,0,1,3200,1800,1399
1286032,Dell,Vostro 5468,Notebook,14.0,4,1.6,Intel,i3,Windows,Intel,integrated,0,128,0,0,0,0,0,1920,1080,735
3007298,HP,Envy 13-AB020nr,Ultrabook,13.3,8,1.34,Intel,i7,Windows,Intel,integrated,0,256,0,0,1,0,0,3200,1800,1145
5988701,Acer,Aspire 7,Gaming,15.6,8,2.4,Intel,i5,Linux,Nvidia,dedicated,1000,0,0,0,0,0,0,1920,1080,798
2508197,Asus,VivoBook X540YA-XX519T,Notebook,15.6,4,2.0,AMD,7110,Windows,AMD,dedicated,500,0,0,0,0,0,0,1366,768,349
5252103,HP,ProBook 450,Notebook,15.6,4,2.1,Intel,i3,Windows,Intel,integrated,0,128,0,0,0,0,0,1920,1080,705
6187500,Lenovo,ThinkPad E470,Notebook,14.0,4,1.87,Intel,i5,Windows,Intel,integrated,500,0,0,0,0,0,0,1920,1080,785
3092975,Lenovo,V310-15ISK (i5-6200U/4GB/1TB/FHD/No,Notebook,15.6,4,2.15,Intel,i5,No OS,Intel,integrated,1000,0,0,0,0,0,0,1920,1080,462
5033410,HP,250 G6,Notebook,15.6,4,1.86,Intel,i3,Windows,Intel,integrated,500,0,0,0,0,0,0,1920,1080,397
1536532,Lenovo,ThinkPad T570,Notebook,15.6,8,1.99,Intel,i7,Windows,Intel,integrated,0,512,0,0,1,0,0,1920,1080,1729
9147252,Lenovo,IdeaPad 320-15ISK,Notebook,15.6,4,2.2,Intel,i3,Windows,Intel,integrated,0,128,0,0,0,0,0,1920,1080,499
1520270,Dell,Latitude 5580,Notebook,15.6,8,1.9,Intel,i5,Windows,Intel,integrated,0,256,0,0,0,0,0,1920,1080,1116
7521306,Dell,Alienware 17,Gaming,17.3,16,4.42,Intel,i7,Windows,Nvidia,dedicated,1000,256,0,0,1,0,0,1920,1080,2699
2260492,HP,17-X047na (i3-6006U/8GB/1TB/W10),Notebook,17.3,8,2.65,Intel,i3,Windows,Intel,integrated,1000,0,0,0,0,0,0,1600,900,544
1185406,HP,ProBook 470,Notebook,17.3,8,2.63,Intel,i7,Windows,Nvidia,dedicated,1000,0,0,0,0,0,0,1920,1080,1280
7356172,Asus,A541NA-GO342 (N3350/4GB/500GB/Linux),Notebook,15.6,4,2.0,Intel,Dual,Linux,Intel,integrated,500,0,0,0,0,0,0,1366,768,224
4919491,Mediacom,SmartBook 130,Notebook,13.3,4,1.35,Intel,x5-Z8350,Windows,Intel,integrated,0,0,0,32,1,0,0,1920,1080,255
5229469,Lenovo,IdeaPad 320-17IKB,Notebook,17.3,6,2.8,Intel,i7,Windows,Nvidia,dedicated,1000,128,0,0,0,0,0,1600,900,949
3858788,HP,15-bw007nv (A10-9620P/6GB/128GB/Radeon,Notebook,15.6,6,1.91,AMD,A10-9620P,Windows,AMD,dedicated,0,128,0,0,1,0,0,1920,1080,568
8005269,Dell,Vostro 3568,Notebook,15.6,4,2.18,Intel,i3,Windows,AMD,dedicated,1000,0,0,0,0,0,0,1366,768,617
6377825,Acer,Spin SP111-31,2 in 1 Convertible,11.6,4,1.25,Intel,Dual,Windows,Intel,integrated,0,0,0,32,1,0,1,1920,1080,349
2317731,Lenovo,V330-15IKB (i3-7130U/4GB/128GB/FHD/W10),Notebook,15.6,4,2.05,Intel,i3,Windows,Intel,integrated,0,128,0,0,0,0,0,1920,1080,630
6008932,HP,EliteBook 1030,Ultrabook,13.3,16,1.16,Intel,M,Windows,Intel,integrated,0,512,0,0,1,0,1,3200,1800,1965
2242324,Lenovo,Thinkpad P71,Notebook,17.3,8,3.4,Intel,i7,Windows,Nvidia,dedicated,0,256,0,0,1,0,0,1920,1080,2999
6180401,Asus,FX553VD-DM627T (i5-7300HQ/8GB/1TB,Notebook,15.6,8,2.5,Intel,i5,Windows,Nvidia,dedicated,1000,128,0,0,0,0,0,1920,1080,839
6064512,Dell,XPS 13,Ultrabook,13.3,8,1.21,Intel,i5,Windows,Intel,integrated,0,128,0,0,1,0,1,3840,2160,1599
8329450,Dell,Latitude 5580,Notebook,15.6,4,1.93,Intel,i5,Windows,Intel,integrated,500,0,0,0,0,0,0,1366,768,959
9248871,Fujitsu,Lifebook A557,Notebook,15.6,8,2.2,Intel,i5,Windows,Intel,integrated,1000,0,0,0,0,0,0,1366,768,739
7003143,Lenovo,IdeaPad 320-15IAP,Notebook,15.6,4,2.2,Intel,Quad,Windows,Intel,integrated,500,0,0,0,0,0,0,1920,1080,344
1616058,Lenovo,ThinkPad L470,Notebook,14.0,4,2.02,Intel,i5,Windows,Intel,integrated,500,0,0,0,0,0,0,1366,768,990
7766275,HP,ZBook 17,Workstation,17.3,8,3.14,Intel,i5,Windows,Nvidia,dedicated,500,0,0,0,0,0,0,1600,900,1860
5140579,HP,14-am079na (N3710/8GB/2TB/W10),Notebook,14.0,8,1.94,Intel,Quad,Windows,Intel,integrated,2000,0,0,0,0,0,0,1366,768,389
1719039,HP,15-cd005nv (A9-9420/6GB/256GB/Radeon,Notebook,15.6,6,1.95,AMD,A9-9420,Windows,AMD,dedicated,0,256,0,0,1,0,0,1920,1080,649
5472768,Lenovo,Thinkpad E570,Notebook,15.6,8,2.3,Intel,i5,Windows,Intel,integrated,0,256,0,0,0,0,0,1920,1080,830
8622300,Lenovo,V330-15IKB (i5-8250U/4GB/500GB/FHD/W10),Notebook,15.6,4,2.05,Intel,i5,Windows,Intel,integrated,500,0,0,0,0,0,0,1920,1080,685
4815557,Mediacom,SmartBook 141,Notebook,14.0,4,1.4,Intel,x5-Z8350,Windows,Intel,integrated,0,32,0,0,0,0,0,1920,1080,249
7781978,Toshiba,Tecra X40-D-10H,Ultrabook,14.0,16,1.24,Intel,i7,Windows,Intel,integrated,0,512,0,0,0,0,1,1920,1080,1865
4793266,Lenovo,IdeaPad Y910-17ISK,Gaming,17.3,32,4.6,Intel,i7,Windows,Nvidia,dedicated,1000,256,0,0,1,0,0,1920,1080,2663
5665389,MSI,GT73VR Titan,Gaming,17.3,16,4.14,Intel,i7,Windows,Nvidia,dedicated,1000,512,0,0,0,0,0,1920,1080,2729
5322452,Dell,Inspiron 3567,Notebook,15.6,8,2.2,Intel,i7,Linux,AMD,dedicated,0,256,0,0,0,0,0,1920,1080,749
9251636,Mediacom,SmartBook Edge,Notebook,14.0,4,1.45,Intel,Quad,Windows,Intel,integrated,0,32,0,0,1,0,0,1920,1080,389
5550925,Dell,Latitude 5580,Notebook,15.6,8,1.9,Intel,i5,Windows,Intel,integrated,500,0,0,0,0,0,0,1366,768,1008
4558723,HP,ProBook 430,Notebook,13.3,4,1.49,Intel,i3,Windows,Intel,integrated,0,128,0,0,0,0,0,1920,1080,719
9142853,Dell,Latitude 5580,Notebook,15.6,16,1.93,Intel,i7,Windows,Nvidia,dedicated,0,256,0,0,0,0,0,1920,1080,1537
9349917,Dell,Chromebook 11,Netbook,11.6,4,1.26,Intel,Dual,Chrome OS,Intel,integrated,0,0,0,16,0,0,0,1366,768,295
8325347,MSI,GT80S 6QE,Gaming,17.3,16,4.5,Intel,i7,Windows,Nvidia,dedicated,1000,128,0,0,0,0,0,1920,1080,2349
5407218,HP,Omen 17-AN010nv,Gaming,17.3,16,3.78,Intel,i7,Windows,Nvidia,dedicated,1000,256,0,0,1,0,0,1920,1080,1498
8343789,Lenovo,Thinkpad T460s,Ultrabook,14.0,12,1.4,Intel,i7,Windows,Intel,integrated,0,256,0,0,1,0,0,1920,1080,1673
5329753,Lenovo,Ideapad 320-15IKBR,Notebook,15.6,12,2.2,Intel,i7,Windows,Intel,integrated,1000,0,0,0,0,0,1,1366,768,609
7882716,Asus,ROG Strix,Gaming,17.3,8,2.73,Intel,i5,Windows,Nvidia,dedicated,1000,128,0,0,1,0,0,1920,1080,1770
9507949,Asus,TP501UA-CJ131T (i5-7200U/8GB/1TB/W10),2 in 1 Convertible,15.6,8,2.2,Intel,i5,Windows,Intel,integrated,1000,0,0,0,0,0,1,1366,768,739
3067292,Lenovo,IdeaPad 320-15ABR,Notebook,15.6,12,2.2,AMD,9720P,Windows,AMD,dedicated,0,512,0,0,0,0,0,1920,1080,949
2220999,Dell,Inspiron 3179,2 in 1 Convertible,11.6,4,1.39,Intel,M,Windows,Intel,integrated,0,128,0,0,0,0,1,1366,768,603
1381524,Samsung,Notebook Odyssey,Notebook,15.6,16,2.5,Intel,i7,Windows,Nvidia,dedicated,1000,128,0,0,0,0,0,1920,1080,1699
6256458,Lenovo,V320-17ISK (i3-6006U/4GB/500GB/FHD/No,Notebook,17.3,4,2.8,Intel,i3,No OS,Intel,integrated,500,0,0,0,0,0,0,1920,1080,529
4766598,Lenovo,IdeaPad 110-15ISK,Notebook,15.6,8,2.29,Intel,i3,Windows,Intel,integrated,1000,0,0,0,0,0,0,1366,768,459
9058977,Lenovo,ThinkPad Yoga,2 in 1 Convertible,13.3,8,1.37,Intel,i7,Windows,Intel,integrated,0,512,0,0,1,0,1,1920,1080,2025
1312531,Lenovo,Thinkpad T470p,Notebook,14.0,8,1.7,Intel,i5,Windows,Intel,integrated,0,256,0,0,1,0,0,1920,1080,1474
9639403,Dell,Latitude 5289,2 in 1 Convertible,12.5,8,1.34,Intel,i5,Windows,Intel,integrated,0,256,0,0,0,0,1,1920,1080,1670
1015923,Dell,Precision 3520,Workstation,15.6,8,2.06,Intel,i7,Windows,Nvidia,dedicated,0,256,0,0,0,0,1,1920,1080,1763
3700984,HP,EliteBook 850,Notebook,15.6,8,1.84,Intel,i7,Windows,Intel,integrated,0,256,0,0,0,0,0,1920,1080,1219
7322853,HP,ProBook 450,Notebook,15.6,4,2.1,Intel,i3,Windows,Intel,integrated,500,0,0,0,0,0,0,1366,768,668
5406650,Acer,Aspire 1,Notebook,14.0,4,1.6,Intel,Quad,Windows,Intel,integrated,0,0,0,32,0,0,0,1920,1080,329
4309911,MSI,Laptop MSI,Gaming,17.3,16,4.14,Intel,i7,Windows,Nvidia,dedicated,1000,128,0,0,0,0,0,1920,1080,2199
9304580,Dell,Vostro 3568,Notebook,15.6,4,2.18,Intel,i3,Linux,AMD,dedicated,1000,0,0,0,0,0,0,1366,768,465
3455213,MSI,GS63VR 7RF,Gaming,15.6,16,1.8,Intel,i7,Windows,Nvidia,dedicated,2000,256,0,0,0,0,0,3840,2160,2299
4742717,Toshiba,Tecra Z50-C-144,Notebook,15.6,8,2.2,Intel,i7,Windows,Intel,integrated,0,256,0,0,1,0,0,1920,1080,1399
9165471,Lenovo,IdeaPad 310-15IKB,Notebook,15.6,6,2.4,Intel,i5,Windows,Intel,integrated,1000,0,0,0,0,0,0,1920,1080,564
1939641,Lenovo,Yoga 720-15IKB,2 in 1 Convertible,15.6,8,2.0,Intel,i7,Windows,Intel,integrated,0,256,0,0,1,0,1,1920,1080,1299
5202705,Acer,Swift SF114-31-P5HY,Notebook,14.0,4,1.6,Intel,Quad,Windows,Intel,integrated,0,0,0,128,0,0,0,1366,768,349
5287124,Lenovo,Thinkpad P51,Notebook,15.6,32,2.5,Intel,E3-1535M,Windows,Nvidia,dedicated,0,1000,0,0,1,0,0,3840,2160,4899
6735575,Dell,Inspiron 7559,Gaming,15.6,16,2.59,Intel,i7,Windows,Nvidia,dedicated,1000,0,0,0,0,0,0,1920,1080,879
6959506,Dell,Vostro 3568,Notebook,15.6,4,2.18,Intel,i3,Linux,Intel,integrated,1000,0,0,0,0,0,0,1366,768,443
6270316,Dell,Inspiron 3567,Notebook,15.6,4,2.25,Intel,i3,Linux,Intel,integrated,1000,0,0,0,0,0,0,1366,768,359
9172061,Dell,Latitude 5580,Notebook,15.6,4,1.93,Intel,i5,Linux,Intel,integrated,500,0,0,0,0,0,0,1366,768,869
8736671,Asus,FX753VD-GC007T (i7-7700HQ/8GB/1TB,Gaming,17.3,8,3.0,Intel,i7,Windows,Nvidia,dedicated,1000,128,0,0,0,0,0,1920,1080,1168
7363621,Dell,Vostro 3568,Notebook,15.6,4,2.18,Intel,i5,Linux,AMD,dedicated,0,128,0,0,0,0,0,1920,1080,569
8775564,HP,EliteBook 850,Ultrabook,15.6,8,1.84,Intel,i7,Windows,Intel,integrated,0,512,0,0,0,0,0,1920,1080,1389
1223664,MSI,GT62VR 7RE,Gaming,15.6,16,2.94,Intel,i7,Windows,Nvidia,dedicated,1000,256,0,0,0,0,0,1920,1080,2267
7314249,Acer,CB5-132T-C9KK (N3160/4GB/32GB/Chrome,2 in 1 Convertible,11.6,4,1.25,Intel,Quad,Chrome OS,Intel,integrated,0,0,0,32,1,0,1,1366,768,379
8314710,HP,ProBook 650,Notebook,14.0,8,2.31,Intel,i5,Windows,Intel,integrated,0,256,0,0,0,0,0,1366,768,1124
4940461,Lenovo,ThinkPad T470,Notebook,14.0,8,1.65,Intel,i5,Windows,Intel,integrated,0,256,0,0,0,0,0,1920,1080,1465
8489997,Dell,Inspiron 5570,Notebook,15.6,4,2.2,Intel,i5,Windows,AMD,dedicated,1000,0,0,0,0,0,0,1920,1080,776
7252026,Fujitsu,LifeBook A557,Notebook,15.6,8,2.2,Intel,i5,Windows,Intel,integrated,0,256,0,0,0,0,0,1366,768,799
1178786,HP,EliteBook 850,Notebook,15.6,4,1.88,Intel,i5,Windows,Intel,integrated,500,0,0,0,0,0,0,1366,768,932
6218853,Lenovo,IdeaPad 320-15IKB,Notebook,15.6,8,2.2,Intel,i7,Windows,Nvidia,dedicated,1000,0,0,0,0,0,0,1920,1080,899
7513312,Mediacom,SmartBook 140,Notebook,14.0,2,1.4,Intel,x5-Z8350,Windows,Intel,integrated,0,0,0,32,0,0,0,1920,1080,239
1923343,Lenovo,IdeaPad 320-15IKBN,Notebook,15.6,4,2.2,Intel,i5,No OS,Intel,integrated,0,128,0,0,0,0,0,1920,1080,468
7692042,Asus,Q304UA-BHI5T11 (i5-7200U/6GB/1TB/FHD/W10),2 in 1 Convertible,13.3,6,1.5,Intel,i5,Windows,Intel,integrated,1000,0,0,0,0,0,1,1920,1080,639
9748627,Dell,XPS 15,Notebook,15.6,8,2.0,Intel,i7,Windows,Nvidia,dedicated,0,256,0,0,0,0,0,1920,1080,1820
3591694,Asus,ZenBook 3,Ultrabook,14.0,16,1.1,Intel,i7,Windows,Intel,integrated,0,512,0,0,0,0,0,1920,1080,1900
6037519,Dell,Inspiron 7567,Gaming,15.6,16,2.62,Intel,i7,Windows,Nvidia,dedicated,1000,256,0,0,0,0,0,1920,1080,1479
8976452,Lenovo,V330-15IKB (i5-8250U/4GB/256GB/FHD/W10),Notebook,15.6,4,1.8,Intel,i5,Windows,Intel,integrated,0,256,0,0,0,0,0,1920,1080,829
8812033,Lenovo,Ideapad 320-15ISK,Notebook,15.6,4,2.2,Intel,i3,Windows,Nvidia,dedicated,1000,0,0,0,0,0,0,1920,1080,579
4371156,Asus,X541NA-GO414T (N3350/8GB/1TB/W10),Notebook,15.6,8,2.0,Intel,Dual,Windows,Intel,integrated,1000,0,0,0,0,0,0,1366,768,399
4231761,Asus,VivoBook Pro,Notebook,15.6,8,1.99,Intel,i5,Windows,Nvidia,dedicated,1000,0,0,0,0,0,0,1920,1080,906
9891483,Dell,XPS 13,Ultrabook,13.3,8,1.23,Intel,i5,Windows,Intel,integrated,0,256,0,0,0,0,1,3200,1800,1869
9525381,Lenovo,IdeaPad 100S-14IBR,Notebook,14.0,2,1.42,Intel,Dual,Windows,Intel,integrated,0,0,0,32,0,0,0,1366,768,249
2330390,Lenovo,Thinkpad Yoga,2 in 1 Convertible,13.3,8,1.37,Intel,i7,Windows,Intel,integrated,0,256,0,0,1,0,1,1920,1080,1757
8681428,Dell,XPS 15,Notebook,15.6,16,2.06,Intel,i7,Windows,Nvidia,dedicated,0,1000,0,0,0,0,1,3840,2160,2399
7157825,Lenovo,Legion Y520-15IKBN,Gaming,15.6,8,2.5,Intel,i7,Windows,Nvidia,dedicated,1000,128,0,0,1,0,0,1920,1080,1109
7120412,HP,17-AK091ND (A9-9420/8GB/1TB/W10),Notebook,17.0,8,2.6,AMD,9420,Windows,AMD,dedicated,1000,0,0,0,0,0,0,1600,900,520
3086218,Lenovo,ThinkPad X1,Ultrabook,14.0,16,1.14,Intel,i7,Windows,Intel,integrated,0,512,0,0,1,0,0,1920,1080,2450
5187293,Asus,ROG GL553VE-FY022,Gaming,15.6,8,2.5,Intel,i7,No OS,Nvidia,dedicated,1000,0,0,0,1,0,0,1920,1080,1169
4056108,Acer,Extensa EX2540,Notebook,15.6,4,2.4,Intel,i3,Windows,Intel,integrated,500,0,0,0,0,0,0,1366,768,450
4456903,Lenovo,IdeaPad 100S-14IBR,Notebook,14.0,4,1.43,Intel,Dual,Windows,Intel,integrated,0,0,0,32,0,0,0,1366,768,274
1701173,Acer,Swift 3,Ultrabook,14.0,8,1.8,Intel,i5,Windows,Intel,integrated,0,256,0,0,1,0,0,1920,1080,919
8042226,Razer,Blade Pro,Gaming,14.0,16,1.95,Intel,i7,Windows,Nvidia,dedicated,0,256,0,0,0,0,0,1920,1080,2599
7967441,Toshiba,Portege Z30-C-16J,Notebook,13.3,8,1.2,Intel,i5,Windows,Intel,integrated,0,256,0,0,0,0,0,1920,1080,1213
3806902,Lenovo,Thinkpad X270,Ultrabook,12.5,8,1.36,Intel,i7,Windows,Intel,integrated,0,256,0,0,1,0,0,1920,1080,1584
2044920,Asus,ROG G701VI,Gaming,17.3,32,3.8,Intel,i7,Windows,Nvidia,dedicated,0,512,0,0,1,0,0,1920,1080,2799
8416477,Acer,A715-71G-59DH (i5-7300HQ/8GB/1TB/GeForce,Gaming,15.6,8,2.4,Intel,i5,Linux,Nvidia,dedicated,1000,0,0,0,0,0,0,1920,1080,709
6431487,Dell,XPS 13,Ultrabook,13.3,8,1.2,Intel,i5,Windows,Intel,integrated,0,256,0,0,0,0,0,1920,1080,1449
8903657,MSI,GL62M 7REX,Gaming,15.6,8,2.2,Intel,i7,Windows,Nvidia,dedicated,1000,128,0,0,0,0,0,1920,1080,1191
2264124,HP,250 G6,Notebook,15.6,4,1.86,Intel,i3,No OS,Intel,integrated,500,0,0,0,0,0,0,1366,768,364
6652716,Toshiba,Tecra A50-D-11M,Notebook,15.6,8,2.0,Intel,i5,Windows,Intel,integrated,500,0,0,0,1,0,0,1920,1080,1064
7264795,Dell,Inspiron 5570,Notebook,15.6,8,2.2,Intel,i7,Windows,AMD,dedicated,0,256,0,0,0,0,0,1920,1080,919
5332509,Dell,Inspiron 5570,Notebook,15.6,16,2.2,Intel,i7,Windows,AMD,dedicated,2000,256,0,0,0,0,0,1920,1080,1135
1035430,Lenovo,IdeaPad Y700-15ISK,Gaming,15.6,8,3.31,Intel,i7,Windows,Nvidia,dedicated,1000,128,0,0,1,0,0,1920,1080,1196
2822622,Dell,Alienware 17,Gaming,17.3,32,4.42,Intel,i7,Windows,Nvidia,dedicated,1000,512,0,0,1,0,0,3840,2160,3147
1445640,Dell,Latitude E7470,Notebook,14.0,8,1.56,Intel,i5,Windows,Intel,integrated,0,256,0,0,0,0,0,1920,1080,1229
4934848,Lenovo,Ideapad 320-15IAP,Notebook,15.6,4,2.2,Intel,Dual,Windows,Intel,integrated,500,0,0,0,0,0,0,1366,768,419
2418086,Lenovo,IdeaPad 320-15ISK,Notebook,15.6,4,2.2,Intel,i5,Windows,Intel,integrated,500,0,0,0,0,0,0,1920,1080,535
5780284,HP,15-ay047nv (i3-6006U/6GB/1TB/Radeon,Notebook,15.6,6,2.04,Intel,i3,Windows,AMD,dedicated,1000,0,0,0,0,0,0,1920,1080,539
7501237,MSI,GP72VR Leopard,Gaming,17.3,8,2.7,Intel,i7,Windows,Nvidia,dedicated,1000,128,0,0,0,0,0,1920,1080,1486
3252512,Toshiba,Satellite Pro,Notebook,15.6,4,2.1,Intel,i3,Windows,Intel,integrated,0,128,0,0,0,0,0,1366,768,498
3295843,Dell,Latitude 3580,Notebook,15.6,8,2.06,Intel,i5,Windows,Intel,integrated,1000,0,0,0,0,0,0,1920,1080,955
7516903,HP,15-bs012nv (i7-7500U/8GB/1TB/Radeon,Notebook,15.6,8,2.1,Intel,i7,Windows,AMD,dedicated,1000,0,0,0,0,0,0,1920,1080,745
2042182,Toshiba,Tecra Z50-D-10E,Notebook,15.6,8,2.0,Intel,i5,Windows,Intel,integrated,0,256,0,0,1,0,0,1920,1080,1258
5489717,Acer,Aspire 3,Notebook,15.6,4,2.1,Intel,i3,Linux,Intel,integrated,0,128,0,0,0,0,0,1366,768,412
9521144,Microsoft,Surface Laptop,Ultrabook,13.5,8,1.252,Intel,i7,Windows,Intel,integrated,0,256,0,0,0,0,1,2256,1504,1867
6348436,Lenovo,V310-15ISK (i5-7200U/8GB/1TB,Notebook,15.6,8,1.9,Intel,i5,Windows,AMD,dedicated,1000,128,0,0,0,0,0,1920,1080,817
6095437,Lenovo,Yoga 720-13IKB,2 in 1 Convertible,13.3,8,1.3,Intel,i5,Windows,Intel,integrated,0,256,0,0,1,0,1,1920,1080,1034
8413377,Lenovo,IdeaPad 320-15AST,Notebook,15.6,4,2.2,AMD,E2-9000,Windows,AMD,dedicated,0,128,0,0,0,0,0,1366,768,349
8221945,HP,Pavilion X360,2 in 1 Convertible,14.0,4,1.63,Intel,i3,Windows,Nvidia,dedicated,0,128,0,0,1,0,1,1920,1080,699
7201308,MSI,GP62 7RDX,Gaming,15.6,16,2.4,Intel,i7,Windows,Nvidia,dedicated,1000,256,0,0,0,0,0,1920,1080,1294
2964317,Asus,Zenbook 3,Ultrabook,14.0,8,1.1,Intel,i5,Windows,Intel,integrated,0,256,0,0,0,0,0,1920,1080,1135
3354615,HP,Chromebook X360,2 in 1 Convertible,11.6,8,1.4,Intel,Dual,Chrome OS,Intel,integrated,0,0,0,64,0,0,1,1366,768,495
8226367,LG,Gram 15Z975,Ultrabook,15.6,8,1.09,Intel,i7,Windows,Intel,integrated,0,512,0,0,1,0,0,1920,1080,2299
7206465,Acer,Aspire VX5-591G,Gaming,15.6,16,2.5,Intel,i5,Windows,Nvidia,dedicated,0,256,0,0,0,0,0,1920,1080,1299
1980644,MSI,GV62M 7RD,Gaming,15.6,8,2.2,Intel,i5,Windows,Nvidia,dedicated,0,256,0,0,0,0,0,1920,1080,997
7768655,Asus,L502NA-GO052T (N3350/4GB/128GB/W10),Notebook,15.6,4,1.86,Intel,Dual,Windows,Intel,integrated,0,128,0,0,0,0,0,1366,768,419
9224516,Dell,Alienware 15,Gaming,15.6,16,3.21,Intel,i5,Windows,Nvidia,dedicated,1000,128,0,0,0,0,0,1920,1080,2051
4910469,HP,17-bs000nv I3,Notebook,17.3,4,2.5,Intel,i3,Windows,AMD,dedicated,0,256,0,0,1,0,0,1920,1080,699
8763796,Lenovo,Yoga 730,2 in 1 Convertible,13.3,8,1.19,Intel,i7,Windows,Intel,integrated,0,512,0,0,1,0,1,1920,1080,1499
8495640,Dell,Alienware 15,Gaming,15.6,16,3.49,Intel,i7,Windows,Nvidia,dedicated,1000,256,0,0,0,0,0,1920,1080,2813
4678754,HP,250 G6,Notebook,15.6,4,1.86,Intel,i5,Windows,AMD,dedicated,500,0,0,0,0,0,0,1366,768,612
2633512,Dell,Inspiron 3567,Notebook,15.6,4,2.2,Intel,i3,Windows,AMD,dedicated,1000,0,0,0,0,0,0,1366,768,545
4741948,HP,17-Y002nv (A10-9600P/6GB/2TB/Radeon,Notebook,17.3,6,2.65,AMD,9600P,Windows,AMD,dedicated,2000,0,0,0,1,0,0,1920,1080,569
3373553,Lenovo,V110-15ISK (3855U/4GB/500GB/W10),Notebook,15.6,4,2.1,Intel,Dual,Windows,Intel,integrated,500,0,0,0,0,0,0,1366,768,318
2770713,Acer,Chromebook 14,Notebook,14.0,4,1.45,Intel,Dual,Chrome OS,Intel,integrated,0,0,0,32,0,0,0,1366,768,375
9913428,Lenovo,IdeaPad 520s-14IKB,Notebook,14.0,4,1.7,Intel,i5,Windows,Intel,integrated,0,256,0,0,0,0,0,1920,1080,699
5943946,HP,ZBook 17,Workstation,17.3,8,3.14,Intel,i7,Windows,Nvidia,dedicated,500,0,0,0,0,0,0,1920,1080,1907
9987866,Lenovo,ThinkPad X1,2 in 1 Convertible,14.0,8,1.42,Intel,i7,Windows,Intel,integrated,0,256,0,0,0,0,1,2560,1440,2590
6407922,Toshiba,Satellite Pro,Notebook,13.3,8,1.5,Intel,i5,Windows,Intel,integrated,0,256,0,0,1,0,0,1920,1080,973
4605268,Acer,TravelMate B117-M,Netbook,11.6,4,1.4,Intel,Dual,Windows,Intel,integrated,0,0,0,32,0,0,0,1366,768,269
3113401,Lenovo,Yoga 910-13IKB,2 in 1 Convertible,14.0,16,1.38,Intel,i7,Windows,Intel,integrated,0,512,0,0,0,0,1,1920,1080,1749
9138937,Asus,Chromebook Flip,2 in 1 Convertible,12.5,4,1.2,Intel,M,Chrome OS,Intel,integrated,0,0,0,64,0,0,1,1920,1080,669
3755017,Toshiba,Portege Z30T-C-133,Ultrabook,13.3,16,1.36,Intel,i7,Windows,Intel,integrated,0,512,0,0,0,0,1,1920,1080,1877
1684094,HP,15-bs011nv (i7-7500U/4GB/500GB/Radeon,Notebook,15.6,4,2.1,Intel,i7,Windows,AMD,dedicated,500,0,0,0,1,0,0,1920,1080,689
3615714,Dell,Inspiron 5577,Gaming,15.6,8,2.56,Intel,i5,Windows,Nvidia,dedicated,1000,0,0,0,0,0,0,1920,1080,819
6207588,Lenovo,IdeaPad 320-15AST,Notebook,15.6,4,2.2,AMD,9420,Windows,AMD,dedicated,0,256,0,0,0,0,0,1920,1080,399
3266159,Lenovo,IdeaPad 320-15ABR,Notebook,15.6,8,2.2,AMD,9720P,Windows,AMD,dedicated,1000,0,0,0,0,0,0,1366,768,429
8084150,Lenovo,V310-15IKB (i5-7200U/4GB/1TB/FHD/W10),Notebook,15.6,4,2.1,Intel,i5,Windows,Intel,integrated,2000,0,0,0,0,0,0,1920,1080,621
8443579,Lenovo,V310-15ISK (i3-6006U/4GB/500GB/No,Notebook,15.6,4,1.9,Intel,i3,No OS,Intel,integrated,500,0,0,0,0,0,0,1366,768,450
5447560,Dell,Vostro 5568,Notebook,15.6,8,2.18,Intel,i5,Windows,Intel,integrated,0,256,0,0,0,0,0,1920,1080,795
9703217,Acer,Spin 5,2 in 1 Convertible,13.3,8,1.6,Intel,i5,Windows,Intel,integrated,0,256,0,0,1,0,1,1920,1080,999
1627187,Lenovo,ThinkPad P51s,Workstation,15.6,16,2.18,Intel,i7,Windows,Nvidia,dedicated,0,512,0,0,0,0,0,1920,1080,1855
4646237,Lenovo,Thinkpad T460p,Notebook,14.0,8,1.8,Intel,i5,Windows,Intel,integrated,0,256,0,0,0,0,0,1920,1080,1191
7075274,HP,17-ak002nv (A10-9620P/6GB/2TB/Radeon,Notebook,17.3,6,2.71,AMD,9620P,Windows,AMD,dedicated,2000,0,0,0,1,0,0,1920,1080,655
7875051,Lenovo,Legion Y520-15IKBN,Gaming,15.6,8,2.5,Intel,i7,Windows,Nvidia,dedicated,1000,128,0,0,1,0,0,1920,1080,1249
7575614,Dell,Latitude 5480,Notebook,14.0,8,1.64,Intel,i5,Linux,Nvidia,dedicated,0,256,0,0,0,0,0,1920,1080,1089
7032044,Dell,Vostro 5568,Notebook,15.6,8,1.98,Intel,i5,Linux,Intel,integrated,1000,0,0,0,0,0,0,1920,1080,726
5866080,Asus,VivoBook E403NA,Notebook,14.0,4,1.5,Intel,Dual,Windows,Intel,integrated,0,0,0,32,0,0,0,1920,1080,298
5160775,Dell,Latitude 5580,Notebook,15.6,16,1.93,Intel,i5,Windows,Intel,integrated,0,512,0,0,0,0,0,1920,1080,1426
7959358,Lenovo,Thinkpad E470,Notebook,14.0,8,1.87,Intel,i5,Windows,Nvidia,dedicated,0,256,0,0,1,0,0,1920,1080,857
4922502,Dell,Latitude 5580,Notebook,15.6,8,1.9,Intel,i5,Windows,Intel,integrated,0,256,0,0,0,0,0,1920,1080,1179
2557263,Lenovo,110-15ACL (A6-7310/4GB/500GB/W10),Notebook,15.6,4,2.19,AMD,7310,Windows,AMD,dedicated,500,0,0,0,0,0,0,1366,768,298
4958325,Mediacom,Smartbook 142,Notebook,14.0,4,1.4,Intel,Z8350,Windows,Intel,integrated,32,0,0,0,1,0,0,1920,1200,265
6238133,HP,ProBook 470,Notebook,17.3,8,2.63,Intel,i7,Windows,Nvidia,dedicated,0,256,0,0,0,0,0,1920,1080,1200
9158464,Lenovo,ThinkPad X1,Ultrabook,14.0,8,1.17,Intel,i7,Windows,Intel,integrated,0,512,0,0,1,0,0,2560,1440,1686
4726891,HP,Pavilion X360,2 in 1 Convertible,13.3,8,1.58,Intel,i5,Windows,Intel,integrated,0,256,0,0,1,0,1,1366,768,836
6513998,Lenovo,ThinkPad T470s,Ultrabook,14.0,8,1.32,Intel,i5,Windows,Intel,integrated,0,256,0,0,1,0,0,1920,1080,1499
3570246,Dell,Alienware 17,Gaming,17.3,32,4.36,Intel,i7,Windows,Nvidia,dedicated,1000,1000,0,0,0,0,0,3840,2160,3659
2473444,MSI,GL72M 7REX,Gaming,17.3,8,2.7,Intel,i7,Windows,Nvidia,dedicated,1000,128,0,0,0,0,0,1920,1080,1348
1464213,Lenovo,V310-15IKB (i5-7200U/4GB/1TB/No,Notebook,15.6,4,1.9,Intel,i5,No OS,Intel,integrated,1000,0,0,0,0,0,0,1366,768,489
7510869,Dell,Inspiron 5570,Notebook,15.6,8,2.2,Intel,i5,Windows,AMD,dedicated,1000,128,0,0,0,0,0,1920,1080,719
6862043,Dell,Inspiron 5378,2 in 1 Convertible,13.3,4,1.71,Intel,i3,Windows,Intel,integrated,1000,0,0,0,0,0,1,1920,1080,649
7770328,Dell,Inspiron 5567,Notebook,15.6,8,2.32,Intel,i5,Linux,AMD,dedicated,1000,0,0,0,0,0,0,1366,768,589
6906242,HP,15-BW037na (A9-9420/4GB/1TB/Radeon,Notebook,15.6,4,2.1,AMD,9420,Windows,AMD,dedicated,1000,0,0,0,0,0,0,1920,1080,489
7471698,Acer,Predator 17,Gaming,17.3,16,4.2,Intel,i7,Windows,Nvidia,dedicated,1000,128,0,0,1,0,0,1920,1080,1935
8238980,Dell,Inspiron 3567,Notebook,15.6,12,2.25,Intel,i5,Windows,Intel,integrated,1000,0,0,0,0,0,0,1366,768,649
5987877,HP,15-BW091ND (A9-9420/6GB/1TB,Notebook,15.6,6,2.1,AMD,A9-9420,Windows,AMD,dedicated,1000,128,0,0,0,0,0,1920,1080,650
7822218,Acer,Extensa EX2540-58KR,Notebook,15.6,4,2.4,Intel,i5,Windows,Intel,integrated,500,0,0,0,0,0,0,1366,768,559
5062733,Lenovo,ThinkPad 13,Notebook,13.3,8,1.44,Intel,i5,Windows,Intel,integrated,0,256,0,0,1,0,0,1920,1080,960
3917027,Lenovo,V310-15IKB (i7-7500U/4GB/1TB/FHD/W10),Notebook,15.6,4,1.85,Intel,i7,Windows,Intel,integrated,1000,0,0,0,0,0,0,1920,1080,779
5684110,HP,ZBook 15,Workstation,15.6,16,2.6,Intel,i7,Windows,Nvidia,dedicated,0,256,0,0,0,0,0,1920,1080,2419
6960192,Dell,Inspiron 5379,2 in 1 Convertible,13.3,8,1.55,Intel,i5,Windows,Intel,integrated,1000,0,0,0,0,0,1,1920,1080,659
7403225,MSI,GS63VR 7RF,Gaming,15.6,16,1.8,Intel,i7,Windows,Nvidia,dedicated,1000,256,0,0,0,0,0,1920,1080,2094
1463306,Acer,Aspire ES1-572,Notebook,15.6,4,2.4,Intel,i3,Windows,Intel,integrated,500,0,0,0,0,0,0,1366,768,410
3792326,Dell,Inspiron 7560,Notebook,15.6,8,2.0,Intel,i7,Windows,Nvidia,dedicated,1000,128,0,0,0,0,0,1920,1080,1207
2949057,Dell,Vostro 3568,Notebook,15.6,8,2.0,Intel,i3,Windows,Intel,integrated,0,256,0,0,0,0,0,1366,768,665
2376310,Toshiba,Tecra X40-D-10G,Notebook,14.0,8,1.25,Intel,i5,Windows,Intel,integrated,0,256,0,0,1,0,1,1920,1080,1535
8573508,Lenovo,Flex 5,2 in 1 Convertible,14.0,8,1.7,Intel,i5,Windows,Intel,integrated,0,256,0,0,0,0,1,1920,1080,999
4065168,Lenovo,Thinkpad P51s,Workstation,15.6,16,2.5,Intel,i7,Windows,Nvidia,dedicated,0,1000,0,0,1,0,0,3840,2160,3299
5178288,Acer,Chromebook 14,Notebook,14.0,2,1.68,Intel,Dual,Chrome OS,Intel,integrated,0,0,0,32,0,0,0,1366,768,330
5772088,Samsung,Notebook 9,Ultrabook,13.3,16,0.81,Intel,i7,Windows,Intel,integrated,0,256,0,0,0,0,0,1920,1080,1649
5601221,HP,250 G6,Notebook,15.6,8,1.86,Intel,i3,Windows,Intel,integrated,0,256,0,0,0,0,0,1920,1080,539
3604207,Dell,Latitude 5480,Notebook,14.0,8,1.6,Intel,i5,Windows,Intel,integrated,0,256,0,0,0,0,0,1366,768,1126
3764268,HP,Zbook 17,Workstation,17.3,16,3.0,Intel,E3-1535M,Windows,Nvidia,dedicated,0,256,0,0,1,0,0,1920,1080,4389
3283445,Lenovo,N23 (N3060/4GB/128GB/W10),Netbook,11.6,4,1.4,Intel,Dual,Windows,Intel,integrated,0,128,0,0,0,0,1,1366,768,475
4875402,HP,EliteBook 850,Notebook,15.6,8,1.84,Intel,i5,Windows,Intel,integrated,0,256,0,0,0,0,0,1920,1080,1900
6506609,Asus,X550VX-XX015D (i5-6300HQ/4GB/1TB/GeForce,Notebook,15.6,4,2.45,Intel,i5,No OS,Nvidia,dedicated,1000,0,0,0,0,0,0,1366,768,579
9793241,Lenovo,Thinkpad T460,Ultrabook,14.0,4,1.7,Intel,i5,Windows,Intel,integrated,0,180,0,0,0,0,0,1920,1080,1096
7000811,Asus,Pro P2540UA-XO0192R,Notebook,15.6,4,2.37,Intel,i7,Windows,Intel,integrated,0,256,0,0,0,0,0,1366,768,849
9819756,Lenovo,Yoga 900-13ISK,2 in 1 Convertible,13.3,8,1.3,Intel,i5,Windows,Intel,integrated,0,256,0,0,1,0,1,3200,1800,1199
1856015,HP,15-cb003na (i5-7300HQ/8GB/1TB,Notebook,15.6,8,2.2,Intel,i5,Windows,Nvidia,dedicated,1000,128,0,0,1,0,0,1920,1080,1099
9266633,HP,ZBook 15,Workstation,15.6,8,2.59,Intel,i7,Windows,Nvidia,dedicated,0,256,0,0,0,0,0,1920,1080,1561
7483184,Dell,Alienware 17,Gaming,15.6,16,4.42,Intel,i7,Windows,Nvidia,dedicated,1000,256,0,0,1,0,0,3840,2160,2868
4054079,Acer,Aspire 3,Notebook,15.6,4,2.1,Intel,i5,Windows,Intel,integrated,0,256,0,0,0,0,0,1366,768,599
1426493,Lenovo,Legion Y520-15IKBN,Gaming,15.6,8,2.5,Intel,i7,Windows,Nvidia,dedicated,1000,128,0,0,1,0,0,1920,1080,1048
9592377,Dell,Latitude 7280,Ultrabook,12.5,16,1.18,Intel,i7,Windows,Intel,integrated,0,256,0,0,0,0,0,1920,1080,1859
8283595,Google,Pixelbook (Core,Ultrabook,12.3,8,1.1,Intel,i5,Chrome OS,Intel,integrated,0,256,0,0,0,0,1,2400,1600,1559
6253635,Asus,Zenbook UX330UA-AH5Q,Ultrabook,13.3,8,1.2,Intel,i5,Windows,Intel,integrated,0,256,0,0,1,0,0,3200,1800,1129
7045578,Dell,Latitude 3380,Notebook,13.3,4,1.65,Intel,i3,Windows,Intel,integrated,500,0,0,0,0,0,0,1366,768,849
5293870,Acer,TravelMate P238-M,Notebook,13.3,4,1.6,Intel,i5,Windows,Intel,integrated,0,128,0,0,0,0,0,1366,768,655
5968254,Asus,X751NV-TY001 (N4200/4GB/1TB/GeForce,Notebook,17.3,4,2.8,Intel,Quad,Windows,Nvidia,dedicated,1000,0,0,0,0,0,0,1366,768,470
9522790,Dell,Inspiron 7559,Gaming,15.6,16,2.72,Intel,i7,Windows,Nvidia,dedicated,1000,128,0,0,1,0,1,3840,2160,1099
4545967,Samsung,Notebook 9,Ultrabook,13.3,8,1.31,Intel,i7,Windows,Intel,integrated,0,256,0,0,0,0,1,1920,1080,1599
5361154,Acer,Aspire A315-31,Notebook,15.6,4,2.1,Intel,Quad,Linux,Intel,integrated,1000,0,0,0,0,0,0,1366,768,298
2349429,Dell,Inspiron 5567,Notebook,15.6,16,2.3,Intel,i7,Windows,AMD,dedicated,0,256,0,0,0,0,0,1920,1080,1181
2489224,Samsung,Notebook 9,2 in 1 Convertible,15.0,16,1.71,Intel,i7,Windows,AMD,dedicated,0,256,0,0,0,0,1,1920,1080,1799
2753795,Toshiba,Tecra A40-C-1E5,Notebook,14.0,4,1.75,Intel,i5,Windows,Intel,integrated,0,128,0,0,1,0,0,1366,768,1020
1853360,Dell,Inspiron 7567,Gaming,15.6,8,2.62,Intel,i7,Windows,Nvidia,dedicated,1000,0,0,0,0,0,0,1920,1080,1099
7700245,HP,EliteBook 820,Ultrabook,12.5,4,1.26,Intel,i5,Windows,Intel,integrated,0,256,0,0,0,0,0,1366,768,1244
3213976,Asus,Q524UQ-BHI7T15 (i7-7500U/12GB/2TB/GeForce,2 in 1 Convertible,15.6,12,2.3,Intel,i7,Windows,Nvidia,dedicated,2000,0,0,0,0,0,1,1920,1080,839
6031295,Lenovo,Thinkpad P50,Notebook,15.6,16,2.5,Intel,i7,Windows,Nvidia,dedicated,0,512,0,0,0,0,0,3840,2160,2370
2488065,Acer,Swift 3,Notebook,14.0,4,1.8,Intel,i3,Windows,Intel,integrated,0,128,0,0,1,0,0,1920,1080,636
7066959,Razer,Blade Pro,Gaming,14.0,16,1.95,Intel,i7,Windows,Nvidia,dedicated,0,512,0,0,0,0,0,1920,1080,2899
5819389,Asus,Vivobook Max,Notebook,15.6,8,2.0,Intel,Dual,Windows,Intel,integrated,0,128,0,0,0,0,0,1920,1080,581
9410993,Dell,Alienware 17,Gaming,17.3,32,4.42,Intel,i7,Windows,Nvidia,dedicated,1000,1000,0,0,1,0,0,1920,1080,3588
6836410,Asus,Rog G752VS-BA171T,Gaming,17.3,16,4.3,Intel,i7,Windows,Nvidia,dedicated,1000,256,0,0,1,0,0,1920,1080,2350
3900703,Toshiba,Tecra Z40-C-161,Ultrabook,14.0,16,1.47,Intel,i7,Windows,Nvidia,dedicated,0,512,0,0,1,0,0,1920,1080,1764
2697977,Lenovo,IdeaPad 110-15IBR,Notebook,15.6,8,2.2,Intel,Quad,No OS,Intel,integrated,1000,0,0,0,0,0,0,1366,768,329
2548106,Lenovo,ThinkPad T470s,Ultrabook,14.0,16,1.7,Intel,i7,Windows,Intel,integrated,0,512,0,0,0,0,0,1920,1080,2299
9405399,MSI,GS43VR 7RE,Gaming,14.0,16,1.6,Intel,i7,Windows,Nvidia,dedicated,1000,256,0,0,1,0,0,1920,1080,1891
5464198,MSI,GL62M (i5-7300HQ/8GB/1TB,Gaming,15.6,8,2.2,Intel,i5,Windows,Nvidia,dedicated,1000,128,0,0,0,0,0,1920,1080,1089
1159748,Lenovo,Legion Y520-15IKBN,Gaming,15.6,4,2.4,Intel,i7,Windows,Nvidia,dedicated,1000,0,0,0,1,0,0,1920,1080,999
9337913,Acer,Predator G9-793,Gaming,17.3,16,4.2,Intel,i7,Windows,Nvidia,dedicated,1000,256,0,0,1,0,0,1920,1080,2299
3308866,Dell,Inspiron 7567,Gaming,15.6,8,2.62,Intel,i5,Windows,Nvidia,dedicated,0,256,0,0,0,0,0,1920,1080,985
2104206,Asus,FX502VM-DM560T (i7-7700HQ/8GB/1TB,Gaming,15.6,8,2.24,Intel,i7,Windows,Nvidia,dedicated,1000,128,0,0,0,0,0,1920,1080,1339
7260172,Vero,K146 (N3350/4GB/32GB/W10),Notebook,14.0,4,1.22,Intel,Dual,Windows,Intel,integrated,0,0,0,32,0,0,0,1920,1080,202
8196153,Lenovo,ThinkPad Yoga,2 in 1 Convertible,13.3,8,1.37,Intel,i7,Windows,Intel,integrated,0,512,0,0,1,0,1,1920,1080,1970
6145520,Lenovo,Yoga 510-15IKB,2 in 1 Convertible,15.6,8,2.08,Intel,i5,Windows,AMD,dedicated,0,256,0,0,0,0,1,1920,1080,959
1913954,Apple,"MacBook 12""",Ultrabook,12.0,8,0.92,Intel,M,Mac OS X,Intel,integrated,0,0,0,512,1,1,0,2304,1440,1165
2465384,Lenovo,ThinkPad X1,2 in 1 Convertible,14.0,8,1.42,Intel,i5,Windows,Intel,integrated,0,256,0,0,1,0,1,2560,1440,2330
1086736,Asus,R417NA-RS01 (N3350/4GB/32GB/W10),Notebook,14.0,4,1.63,Intel,Dual,Windows,Intel,integrated,0,0,0,32,0,0,0,1366,768,299
5069567,Dell,Latitude 3580,Notebook,15.6,8,1.95,Intel,i5,Windows,Intel,integrated,0,128,0,0,0,0,0,1366,768,810
5022934,Lenovo,Yoga 910-13IKB,2 in 1 Convertible,13.9,8,1.38,Intel,i7,Windows,Intel,integrated,0,256,0,0,1,0,1,1920,1080,1349
1694389,Dell,Vostro 5568,Notebook,15.6,8,2.0,Intel,i3,Windows,AMD,dedicated,0,256,0,0,0,0,0,1920,1080,739
7791590,HP,ZBook 17,Workstation,15.6,8,3.14,Intel,i7,Windows,Nvidia,dedicated,0,256,0,0,0,0,0,1920,1080,2064
4568930,Asus,Pro P2540UA-XS51,Notebook,15.6,8,2.37,Intel,i5,Windows,Intel,integrated,0,256,0,0,0,0,0,1920,1080,1099
3586065,Dell,XPS 13,Ultrabook,13.3,8,1.29,Intel,i5,Windows,Intel,integrated,0,256,0,0,0,0,0,1920,1080,1499
7250657,Dell,XPS 15,Notebook,15.6,8,2.06,Intel,i5,Windows,Nvidia,dedicated,0,256,0,0,0,0,1,3840,2160,1749
9299321,Dell,Latitude 3180,Netbook,11.6,4,1.63,Intel,Quad,Windows,Intel,integrated,0,128,0,0,0,0,0,1366,768,744
8536083,HP,EliteBook 820,Netbook,12.5,8,1.26,Intel,i5,Windows,Intel,integrated,0,256,0,0,0,0,0,1366,768,1389
7913362,Toshiba,Satellite Pro,Notebook,15.6,4,2.1,Intel,i5,Windows,Intel,integrated,500,0,0,0,0,0,0,1366,768,780
9559405,HP,15-ba043na (A12-9700P/8GB/2TB/W10),Notebook,15.6,8,2.04,AMD,9700P,Windows,AMD,dedicated,2000,0,0,0,0,0,0,1366,768,629
9410960,Dell,Inspiron 7567,Gaming,15.6,16,2.62,Intel,i7,Windows,Nvidia,dedicated,0,512,0,0,0,0,0,3840,2160,1679
5024394,Lenovo,IdeaPad 310-15IKB,Notebook,15.6,4,2.4,Intel,i5,Windows,Nvidia,dedicated,1000,0,0,0,0,0,0,1920,1080,609
2317778,HP,Omen 17-an012dx,Gaming,17.3,12,3.74,Intel,i7,Windows,AMD,dedicated,1000,0,0,0,1,0,0,1920,1080,1749
5674490,MSI,GE72MVR 7RG,Gaming,17.3,16,2.9,Intel,i7,Windows,Nvidia,dedicated,1000,512,0,0,0,0,0,1920,1080,2415
7038281,Samsung,Notebook 9,Ultrabook,13.3,8,0.81,Intel,i5,Windows,Intel,integrated,0,256,0,0,0,0,0,1920,1080,1499
1553787,Dell,Vostro 5568,Notebook,15.6,8,1.98,Intel,i7,Windows,Nvidia,dedicated,1000,0,0,0,0,0,0,1920,1080,961
4333300,Dell,Vostro 3568,Notebook,15.6,8,2.18,Intel,i5,Windows,AMD,dedicated,0,256,0,0,0,0,0,1920,1080,789
2877453,Lenovo,Thinkpad T470s,Ultrabook,14.0,8,1.32,Intel,i7,Windows,Intel,integrated,0,256,0,0,0,0,0,1920,1080,1859
2940612,Razer,Blade Stealth,Ultrabook,12.5,16,1.29,Intel,i7,Windows,Intel,integrated,0,512,0,0,1,0,1,3840,2160,1799
3575644,HP,Chromebook 11,Netbook,11.6,4,1.23,Intel,Dual,Chrome OS,Intel,integrated,0,0,0,16,0,0,0,1366,768,385
2658016,Dell,Alienware 17,Gaming,17.3,16,4.36,Intel,i7,Windows,Nvidia,dedicated,1000,128,0,0,1,0,0,1920,1080,2505
7861256,Dell,Latitude 3480,Notebook,14.0,4,1.76,Intel,i5,Windows,Intel,integrated,500,0,0,0,0,0,0,1366,768,755
1227101,Lenovo,V110-15ISK (i3-6006U/4GB/500GB/W10),Notebook,15.6,4,2.1,Intel,i3,Windows,Intel,integrated,500,0,0,0,0,0,0,1366,768,489
1681112,Toshiba,Tecra X40-D-10Z,Ultrabook,14.0,4,1.25,Intel,i5,Windows,Intel,integrated,0,128,0,0,0,0,0,1366,768,1090
5455162,Lenovo,Thinkpad X1,Ultrabook,14.0,8,1.13,Intel,i7,Windows,Intel,integrated,0,512,0,0,1,0,0,1920,1080,2499
3944223,MSI,GL62M 7RD,Gaming,15.6,8,2.4,Intel,i5,Windows,Nvidia,dedicated,0,256,0,0,0,0,0,1920,1080,1199
5313098,Lenovo,ThinkPad X1,Ultrabook,14.0,8,1.13,Intel,i5,Windows,Intel,integrated,0,0,0,256,1,0,0,1920,1080,1875
2542810,Toshiba,Satellite Pro,Notebook,14.0,4,1.75,Intel,Dual,Windows,Intel,integrated,0,128,0,0,0,0,0,1366,768,499
9519181,Asus,ZenBook Flip,2 in 1 Convertible,13.3,8,1.1,Intel,i5,Windows,Intel,integrated,0,256,0,0,0,0,1,1920,1080,1358
1268022,Dell,Latitude 3480,Notebook,14.0,4,1.76,Intel,i3,Windows,Intel,integrated,500,0,0,0,0,0,0,1366,768,585
2844272,Acer,Chromebook 11,Netbook,11.6,4,1.35,Intel,Dual,Chrome OS,Intel,integrated,0,0,0,32,1,0,0,1366,768,355
2379645,Acer,Swift 3,Notebook,14.0,8,1.5,Intel,i3,Windows,Intel,integrated,0,128,0,0,1,0,0,1920,1080,619
3319961,Razer,Blade Pro,Gaming,17.3,32,3.49,Intel,i7,Windows,Nvidia,dedicated,0,512,0,0,0,0,1,3840,2160,5499
8134119,Lenovo,Thinkpad X1,Ultrabook,14.0,16,1.1,Intel,i7,Windows,Intel,integrated,0,512,0,0,1,0,0,2560,1440,2099
8866576,Asus,VivoBook Max,Notebook,15.6,4,2.1,Intel,i5,Linux,Nvidia,dedicated,1000,0,0,0,0,0,0,1920,1080,519
7442374,Lenovo,Thinkpad T460,Notebook,14.0,8,1.7,Intel,i5,Windows,Intel,integrated,0,256,0,0,0,0,0,1920,1080,1186
1751689,Lenovo,ThinkPad T470s,Notebook,14.0,8,1.32,Intel,i5,Windows,Intel,integrated,0,256,0,0,1,0,0,1920,1080,1650
7630759,Dell,Alienware 15,Gaming,15.6,16,3.21,Intel,i7,Windows,Nvidia,dedicated,1000,256,0,0,0,0,0,1920,1080,2774
2041797,Asus,Rog GL702VS-BA023T,Gaming,17.3,16,2.9,Intel,i7,Windows,Nvidia,dedicated,1000,256,0,0,0,0,0,1920,1080,2419
6923677,Toshiba,Satellite Pro,Notebook,15.6,4,2.0,Intel,i3,Windows,Intel,integrated,500,0,0,0,0,0,0,1366,768,669
9136211,Lenovo,N42-20 Chromebook,Notebook,14.0,4,1.5,Intel,Quad,Chrome OS,Intel,integrated,0,0,0,16,0,0,0,1366,768,325
2125555,Asus,R558UA-DM966T (i5-7200U/8GB/128GB/FHD/W10),Notebook,15.6,8,2.3,Intel,i5,Windows,Intel,integrated,128,0,0,0,0,0,0,1920,1080,590
7458125,Asus,Rog GL702VM-GC017T,Gaming,17.3,16,2.73,Intel,i7,Windows,Nvidia,dedicated,1000,512,0,0,0,0,0,1920,1080,1799
2288420,Dell,Alienware 17,Gaming,17.3,32,4.42,Intel,i7,Windows,Nvidia,dedicated,1000,512,0,0,1,0,0,1920,1080,3072
6659823,HP,ProBook 470,Notebook,17.3,8,2.63,Intel,i5,Windows,Nvidia,dedicated,1000,0,0,0,0,0,0,1600,900,910
5697288,Dell,Vostro 3568,Notebook,15.6,8,2.18,Intel,i5,Windows,Intel,integrated,0,128,0,0,0,0,0,1366,768,713
1782771,HP,EliteBook 840,Ultrabook,14.0,8,1.54,Intel,i7,Windows,Intel,integrated,0,512,0,0,0,0,0,1920,1080,1870
2347020,Dell,Vostro 3568,Notebook,15.6,4,2.18,Intel,i7,Windows,AMD,dedicated,0,256,0,0,0,0,0,1920,1080,739
8407208,HP,Chromebook X360,2 in 1 Convertible,11.6,4,1.4,Intel,Dual,Chrome OS,Intel,integrated,0,0,0,32,0,0,1,1366,768,615
8409336,Asus,ZenBook UX310UQ-GL026T,Ultrabook,13.3,8,1.45,Intel,i5,Windows,Nvidia,dedicated,0,512,0,0,1,0,0,1920,1080,1026
2047558,HP,EliteBook x360,2 in 1 Convertible,13.3,8,1.28,Intel,i5,Windows,Intel,integrated,0,256,0,0,0,0,1,1920,1080,2277
7783623,HP,EliteBook 840,Ultrabook,14.0,8,1.54,Intel,i7,Windows,Intel,integrated,0,512,0,0,0,0,0,1920,1080,1468
8276187,HP,250 G6,Notebook,15.6,4,1.86,Intel,Dual,No OS,Intel,integrated,0,128,0,0,0,0,0,1366,768,299
6893991,Asus,Rog GL502VM-DS74,Gaming,15.6,16,2.1,Intel,i7,Windows,Nvidia,dedicated,1000,128,0,0,0,0,0,1920,1080,1899
1529860,Dell,Inspiron 5767,Notebook,17.3,8,2.83,Intel,i7,Linux,AMD,dedicated,1000,0,0,0,0,0,0,1920,1080,865
4774174,Lenovo,ThinkPad T470p,Ultrabook,14.0,8,1.96,Intel,i7,Windows,Nvidia,dedicated,0,256,0,0,1,0,0,1920,1080,1903
3484842,Asus,K556UR-DM621T (i7-7500U/8GB/256GB/GeForce,Notebook,15.6,8,2.3,Intel,i7,Windows,Nvidia,dedicated,0,256,0,0,1,0,0,1920,1080,787
3372480,Dell,Latitude 5580,Notebook,15.6,8,1.9,Intel,i5,Windows,Intel,integrated,0,128,0,0,0,0,0,1920,1080,945
8952373,Asus,X541NA (N4200/4GB/1TB/W10),Notebook,15.6,4,2.0,Intel,Quad,Windows,Intel,integrated,1000,0,0,0,0,0,0,1366,768,449
5149636,HP,EliteBook x360,2 in 1 Convertible,13.3,8,1.28,Intel,i7,Windows,Intel,integrated,0,256,0,0,0,0,1,1920,1080,2559
6199330,Dell,Inspiron 5368,Notebook,13.3,8,1.62,Intel,i5,Windows,Intel,integrated,1000,0,0,0,0,0,1,1920,1080,649
9038320,Lenovo,IdeaPad 110-15ISK,Notebook,15.6,4,2.2,Intel,i3,No OS,Intel,integrated,1000,0,0,0,0,0,0,1920,1080,469
9849850,Lenovo,ThinkPad E570,Notebook,15.6,8,2.3,Intel,i5,Windows,Intel,integrated,1000,0,0,0,1,0,0,1920,1080,850
2034221,HP,EliteBook 850,Notebook,15.6,8,1.84,Intel,i5,Windows,AMD,dedicated,0,256,0,0,0,0,0,1920,1080,1349
1353171,Toshiba,Portege X30-D-10X,Notebook,13.3,4,1.05,Intel,i5,Windows,Intel,integrated,0,128,0,0,0,0,0,1920,1080,1285
7107556,Lenovo,Legion Y520-15IKBN,Gaming,15.6,8,2.5,Intel,i5,No OS,Nvidia,dedicated,1000,0,0,0,1,0,0,1920,1080,1017
9001734,Dell,XPS 13,Ultrabook,13.3,16,1.29,Intel,i7,Windows,Intel,integrated,0,512,0,0,0,0,1,3200,1800,2240
9646524,HP,Probook 450,Notebook,15.6,4,2.07,Intel,i5,Windows,Intel,integrated,500,0,0,0,0,0,0,1920,1080,910
3503096,Toshiba,PortÄ‚Â©gÄ‚Â© Z30-C-188,Ultrabook,13.3,8,1.2,Intel,i5,Windows,Intel,integrated,0,256,0,0,0,0,0,1366,768,1095
7070927,Lenovo,ThinkPad Yoga,2 in 1 Convertible,13.3,8,1.37,Intel,i7,Windows,Intel,integrated,0,256,0,0,1,0,1,1920,1080,1950
5391856,Acer,TMX349-G2-M-50FS (i5-7200U/8GB/256GB/FHD/W10),Notebook,14.0,8,1.56,Intel,i5,Windows,Intel,integrated,0,256,0,0,1,0,0,1920,1080,902
7882354,Dell,Precision 3520,Workstation,15.6,8,2.23,Intel,i7,Windows,Nvidia,dedicated,1000,0,0,0,0,0,0,1920,1080,1778
8327331,Lenovo,ThinkPad L570,Notebook,15.6,4,2.38,Intel,i5,Windows,Intel,integrated,500,0,0,0,0,0,0,1366,768,1055
6045964,Lenovo,IdeaPad 110-15ISK,Notebook,15.6,4,2.2,Intel,i3,No OS,AMD,dedicated,1000,0,0,0,0,0,0,1920,1080,479
4342036,Toshiba,Tecra A50-D-11D,Notebook,15.6,8,2.0,Intel,i7,Windows,Intel,integrated,0,256,0,0,1,0,0,1920,1080,1388
6599316,Lenovo,Thinkpad 13,Notebook,13.3,4,1.44,Intel,i3,Windows,Intel,integrated,0,180,0,0,1,0,0,1920,1080,735
4266899,Samsung,Notebook 9,Ultrabook,15.0,16,1.23,Intel,i7,Windows,Nvidia,dedicated,0,256,0,0,0,0,0,1920,1080,1849
4654587,Dell,Latitude 7280,Ultrabook,12.5,8,1.6,Intel,i7,Windows,Intel,integrated,0,256,0,0,0,0,0,1920,1080,1690
8115752,Asus,X541NA-GO121 (N4200/4GB/1TB/Linux),Notebook,15.6,4,2.0,Intel,Quad,Linux,Intel,integrated,1000,0,0,0,0,0,0,1366,768,398
2439403,Xiaomi,Mi Notebook,Ultrabook,13.3,8,1.28,Intel,i5,Windows,Nvidia,dedicated,0,256,0,0,1,0,0,1920,1080,935
6295156,Dell,Vostro 5568,Notebook,15.6,4,2.18,Intel,i5,Windows,Nvidia,dedicated,1000,128,0,0,0,0,0,1920,1080,912
9302837,HP,ProBook 450,Notebook,15.6,4,2.04,Intel,i5,Windows,Intel,integrated,0,256,0,0,0,0,0,1920,1080,839
9722469,HP,EliteBook x360,2 in 1 Convertible,13.3,4,1.28,Intel,i5,Windows,Intel,integrated,0,256,0,0,0,0,1,1920,1080,1700
5220145,HP,Pavilion x360,2 in 1 Convertible,15.6,4,2.3,Intel,i5,Windows,Intel,integrated,500,0,0,0,0,0,1,1366,768,684
5691692,Asus,VivoBook L402NA,Notebook,14.1,4,1.65,Intel,Dual,Windows,Intel,integrated,0,0,0,32,0,0,0,1366,768,348
8117261,Lenovo,IdeaPad 510-15ISK,Notebook,15.6,8,2.2,Intel,i7,Windows,Nvidia,dedicated,1000,0,0,0,1,0,0,1920,1080,669
7843678,Dell,Inspiron 3552,Notebook,15.6,4,2.2,Intel,Quad,Windows,Intel,integrated,500,0,0,0,0,0,0,1366,768,369
2295224,HP,EliteBook x360,2 in 1 Convertible,13.3,4,1.28,Intel,i5,Windows,Intel,integrated,0,256,0,0,0,0,1,1920,1080,1799
2651255,Dell,Vostro 3568,Notebook,15.6,4,2.18,Intel,i3,Linux,AMD,dedicated,1000,0,0,0,0,0,0,1366,768,455
1564166,Asus,Rog GL753VD-GC082T,Gaming,17.3,12,2.2,Intel,i5,Windows,Nvidia,dedicated,1000,128,0,0,0,0,0,1920,1080,1369
5608822,Acer,Chromebook C731-C78G,Netbook,11.6,4,1.25,Intel,Dual,Chrome OS,Intel,integrated,0,0,0,32,1,0,0,1366,768,297
3891670,Lenovo,IdeaPad 110-17ACL,Notebook,17.3,4,2.8,AMD,7210,Windows,AMD,dedicated,500,0,0,0,0,0,0,1600,900,379
3083548,HP,Probook 640,Notebook,14.0,4,1.95,Intel,i5,Windows,Intel,integrated,0,128,0,0,0,0,0,1920,1080,1265
6792523,HP,Envy x360,2 in 1 Convertible,13.3,16,1.42,Intel,i7,Windows,Intel,integrated,0,256,0,0,0,0,1,3200,1800,1399
2805625,Samsung,Notebook 9,Ultrabook,15.0,8,1.17,Intel,i7,Windows,Intel,integrated,0,256,0,0,0,0,0,1920,1080,1699
5005034,Lenovo,ThinkPad T470s,Ultrabook,14.0,8,1.32,Intel,i5,Windows,Intel,integrated,0,256,0,0,1,0,0,1920,1080,1799
9610781,MSI,GS73VR Stealth,Gaming,17.3,16,2.43,Intel,i7,Windows,Nvidia,dedicated,2000,512,0,0,1,0,0,3840,2160,2649
7107817,Toshiba,Portege X30-D-10V,Notebook,13.3,8,1.05,Intel,i5,Windows,Intel,integrated,0,256,0,0,0,0,0,1920,1080,1475
7386757,Dell,Inspiron 7567,Gaming,15.6,8,2.62,Intel,i7,Linux,Nvidia,dedicated,1000,0,0,0,0,0,0,1920,1080,929
9020399,HP,ProBook 450,Notebook,15.6,8,2.04,Intel,i7,Windows,Nvidia,dedicated,1000,0,0,0,0,0,0,1920,1080,900
5060583,Dell,Vostro 3568,Notebook,15.6,4,2.18,Intel,i3,Windows,AMD,dedicated,1000,0,0,0,0,0,0,1366,768,614
2668103,Dell,Latitude 5580,Notebook,15.6,8,1.9,Intel,i5,Windows,Intel,integrated,500,0,0,0,0,0,0,1920,1080,935
5978354,Dell,XPS 13,2 in 1 Convertible,13.3,8,1.24,Intel,i7,Windows,Intel,integrated,0,512,0,0,0,0,1,3200,1800,2013
5830728,Asus,G701VO-IH74K (i7-6820HK/32GB/2x,Gaming,17.3,32,3.58,Intel,i7,Windows,Nvidia,dedicated,0,512,0,0,1,0,0,1920,1080,1279
4479050,Dell,XPS 13,2 in 1 Convertible,13.3,16,1.22,Intel,i7,Windows,Intel,integrated,0,256,0,0,0,0,1,1920,1080,1649
3219163,Lenovo,ThinkPad X1,Ultrabook,14.0,8,1.13,Intel,i7,Windows,Intel,integrated,0,0,0,256,1,0,0,1920,1080,2049
7121038,Lenovo,ThinkPad T570,Notebook,15.6,8,1.95,Intel,i5,Windows,Intel,integrated,0,512,0,0,1,0,0,1920,1080,1962
9161923,LG,Gram 15Z970,Ultrabook,15.6,16,1.08,Intel,i7,Windows,Intel,integrated,0,512,0,0,1,0,1,1920,1080,2099
1847072,HP,Elitebook 820,Netbook,12.5,8,1.26,Intel,i7,Windows,Intel,integrated,0,512,0,0,0,0,0,1920,1080,1483
3909135,Acer,Chromebook CB5-571-C1DZ,Notebook,15.6,4,2.2,Intel,Dual,Chrome OS,Intel,integrated,0,0,0,16,1,0,0,1920,1080,359
1190809,Lenovo,IdeaPad Y700-15ISK,Notebook,15.6,8,2.6,Intel,i5,Windows,Nvidia,dedicated,1000,128,0,0,1,0,0,1920,1080,789
2400857,LG,Gram 14Z970,Ultrabook,14.0,8,0.98,Intel,i7,Windows,Intel,integrated,0,512,0,0,1,0,1,1920,1080,1899
8932762,Dell,Latitude 5480,Notebook,14.0,8,1.6,Intel,i5,Windows,Intel,integrated,0,256,0,0,0,0,0,1920,1080,1205
1123169,HP,Elitebook Folio,Ultrabook,12.5,8,1.09,Intel,M,Windows,Intel,integrated,0,240,0,0,0,0,1,3840,2160,3100
9482233,Lenovo,IdeaPad 510-15IKB,Notebook,15.6,6,2.2,Intel,i7,Windows,Nvidia,dedicated,0,256,0,0,0,0,0,1920,1080,789
6413052,HP,ProBook 450,Notebook,15.6,8,2.04,Intel,i7,Windows,Nvidia,dedicated,0,256,0,0,0,0,0,1920,1080,1018
9900174,Acer,Aspire E5-575,Notebook,15.6,4,2.4,Intel,i3,Windows,Intel,integrated,1000,0,0,0,0,0,0,1920,1080,499
5980403,Lenovo,ThinkPad 13,Notebook,13.3,4,1.44,Intel,i5,Windows,Intel,integrated,0,128,0,0,0,0,0,1920,1080,881
1961990,HP,Probook 430,Notebook,13.3,8,1.49,Intel,i5,Windows,Intel,integrated,0,256,0,0,0,0,0,1920,1080,960
2384477,MSI,GE72VR 6RF,Gaming,17.3,16,2.7,Intel,i7,Windows,Nvidia,dedicated,1000,256,0,0,0,0,0,1920,1080,1599
1497675,Dell,Inspiron 7567,Gaming,15.6,16,2.6,Intel,i7,Windows,Nvidia,dedicated,1000,128,0,0,0,0,0,1920,1080,1349
4722392,MSI,GL62M 7RD,Gaming,15.6,8,2.2,Intel,i5,Windows,Nvidia,dedicated,1000,128,0,0,0,0,0,1920,1080,1119
7601699,Dell,Vostro 3568,Notebook,15.6,4,2.18,Intel,i5,Windows,AMD,dedicated,1000,0,0,0,0,0,0,1366,768,684
8234038,HP,EliteBook 850,Ultrabook,15.6,8,1.84,Intel,i7,Windows,AMD,dedicated,0,256,0,0,0,0,0,1920,1080,1296
6585088,HP,Envy 13-AB077cl,Ultrabook,13.3,8,1.39,Intel,i7,Windows,Intel,integrated,0,256,0,0,0,0,1,3200,1800,1149
9571095,Toshiba,Tecra Z50-C-140,Notebook,15.6,16,2.4,Intel,i7,Windows,Nvidia,dedicated,0,256,0,0,1,0,0,1920,1080,1975
7411814,Lenovo,ThinkPad Yoga,2 in 1 Convertible,13.3,8,1.37,Intel,i5,Windows,Intel,integrated,0,512,0,0,1,0,1,1920,1080,1825
1999945,Dell,Latitude 3580,Notebook,15.6,4,1.95,Intel,i5,Windows,Intel,integrated,500,0,0,0,0,0,0,1366,768,729
5870288,Lenovo,Thinkpad X270,Ultrabook,12.5,8,1.36,Intel,i7,Windows,Intel,integrated,0,256,0,0,1,0,0,1920,1080,1650
5988429,HP,Probook 650,Notebook,15.6,8,2.31,Intel,i5,Windows,Intel,integrated,0,256,0,0,0,0,0,1920,1080,1165
4765534,Dell,Vostro 3568,Notebook,15.6,4,2.18,Intel,i5,Windows,Intel,integrated,1000,0,0,0,0,0,0,1366,768,708
3263711,HP,ProBook 640,Notebook,14.0,4,1.95,Intel,i5,Windows,Intel,integrated,500,0,0,0,0,0,0,1366,768,1149
8917687,Lenovo,IdeaPad 320-15IAP,Notebook,15.6,4,2.2,Intel,Quad,Windows,Intel,integrated,1000,0,0,0,0,0,0,1366,768,309
6267806,HP,EliteBook 820,Ultrabook,12.5,4,1.26,Intel,i5,Windows,Intel,integrated,500,0,0,0,0,0,0,1920,1080,1579
8057911,HP,250 G6,Notebook,15.6,4,1.86,Intel,Dual,No OS,Intel,integrated,1000,0,0,0,0,0,0,1366,768,288
2666332,Lenovo,Yoga 900-13ISK,2 in 1 Convertible,13.3,16,1.3,Intel,i7,Windows,Intel,integrated,0,1000,0,0,1,0,1,3200,1800,1799
5342965,Toshiba,Tecra Z40-C-12X,Notebook,14.0,4,1.47,Intel,i5,Windows,Intel,integrated,0,128,0,0,1,0,0,1920,1080,1105
9596432,HP,EliteBook 820,Netbook,12.5,8,1.26,Intel,i5,Windows,Intel,integrated,0,256,0,0,0,0,0,1920,1080,1669
9506451,Dell,Vostro 3568,Notebook,15.6,4,2.18,Intel,i3,Windows,Intel,integrated,1000,0,0,0,0,0,0,1366,768,558
6891932,MSI,GP62M Leopard,Gaming,15.6,8,2.2,Intel,i7,Windows,Nvidia,dedicated,1000,128,0,0,0,0,0,1920,1080,1199
2785442,Dell,Latitude 7480,Ultrabook,14.0,8,1.36,Intel,i5,Windows,Intel,integrated,0,256,0,0,0,0,0,1920,1080,1639
9736243,Dell,Alienware 17,Gaming,17.3,16,4.36,Intel,i7,Windows,Nvidia,dedicated,1000,512,0,0,0,0,0,2560,1440,2758
1468038,HP,Omen 17-W006na,Gaming,17.3,8,2.75,Intel,i5,Windows,Nvidia,dedicated,1000,128,0,0,1,0,0,1920,1080,1399
7704409,Asus,X751SV-TY001T (N3710/4GB/1TB/GeForce,Notebook,17.3,4,2.8,Intel,Quad,Windows,Nvidia,dedicated,1000,0,0,0,0,0,0,1600,900,530
9828851,Acer,TravelMate P259-G2,Notebook,15.6,4,2.23,Intel,i5,Windows,Intel,integrated,500,0,0,0,0,0,0,1366,768,619
1460647,Toshiba,Tecra A50-C-1ZV,Notebook,15.6,8,2.2,Intel,i5,Windows,Intel,integrated,0,256,0,0,0,0,0,1366,768,1119
8204918,Lenovo,Yoga 700-11ISK,2 in 1 Convertible,11.3,8,1.1,Intel,M,Windows,Intel,integrated,0,256,0,0,1,0,1,1920,1080,1299
6210340,Lenovo,IdeaPad Y700-15ACZ,Gaming,15.6,16,2.5,AMD,8800P,Windows,AMD,dedicated,1000,512,0,0,1,0,0,1920,1080,999
8245245,Dell,Latitude 7280,Ultrabook,12.5,8,1.36,Intel,i5,Windows,Intel,integrated,0,256,0,0,0,0,1,1920,1080,1472
3990734,Lenovo,IdeaPad 310-15IKB,Notebook,15.6,8,2.2,Intel,i7,No OS,Nvidia,dedicated,1000,0,0,0,0,0,0,1920,1080,685
5769206,Dell,Insprion 5767,Notebook,17.3,4,2.36,Intel,i3,Windows,AMD,dedicated,1000,0,0,0,0,0,0,1600,900,659
2872940,Acer,Chromebook 14,Notebook,14.0,4,1.68,Intel,Dual,Chrome OS,Intel,integrated,0,0,0,32,0,0,0,1366,768,349
5652697,HP,ZBook Studio,Workstation,15.6,8,2.0,Intel,i7,Windows,Nvidia,dedicated,0,8,0,0,1,0,0,1920,1080,2249
3422023,Dell,Latitude 7480,Ultrabook,14.0,8,1.36,Intel,i7,Windows,Intel,integrated,0,256,0,0,0,0,0,1920,1080,1775
3295064,Toshiba,Portege Z30-C-1CW,Notebook,13.3,8,1.2,Intel,i5,Windows,Intel,integrated,0,256,0,0,0,0,0,1920,1080,1460
2012321,Asus,Chromebook Flip,2 in 1 Convertible,12.5,8,1.2,Intel,M,Chrome OS,Intel,integrated,0,0,0,64,0,0,0,1920,1080,1159
7656631,Lenovo,Thinkpad T460,Ultrabook,14.0,8,1.7,Intel,i7,Windows,Intel,integrated,0,256,0,0,1,0,0,1920,1080,1488
9895567,Dell,Alienware 17,Gaming,17.3,16,4.36,Intel,i7,Windows,Nvidia,dedicated,1000,512,0,0,1,0,0,3840,2160,3154
9554063,Dell,XPS 13,2 in 1 Convertible,13.3,8,1.24,Intel,i5,Windows,Intel,integrated,0,256,0,0,0,0,1,1920,1080,1899
3312709,HP,ProBook x360,2 in 1 Convertible,11.6,4,1.45,Intel,Quad,Windows,Intel,integrated,0,256,0,0,0,0,1,1366,768,775
2463861,Dell,XPS 13,Ultrabook,13.3,8,1.3,Intel,i7,Windows,Intel,integrated,0,256,0,0,0,0,0,3200,1800,1268
7660493,Acer,Chromebook C738T-C2EJ,2 in 1 Convertible,11.6,4,1.25,Intel,Dual,Chrome OS,Intel,integrated,0,0,0,32,1,0,1,1366,768,389
4421645,Toshiba,Portege Z30-C-16Z,Notebook,13.3,8,1.2,Intel,i5,Windows,Intel,integrated,0,256,0,0,0,0,0,1920,1080,1535
3878517,Lenovo,ThinkPad X270,Ultrabook,12.5,8,1.36,Intel,i5,Windows,Intel,integrated,0,256,0,0,1,0,0,1920,1080,1760
3667708,Acer,Aspire F5-573G-510L,Notebook,15.6,12,2.4,Intel,i5,Windows,Nvidia,dedicated,1000,128,0,0,0,0,0,1920,1080,1009
7498575,Toshiba,Portege X20W-D-10V,Ultrabook,12.5,8,1.1,Intel,i7,Windows,Intel,integrated,0,512,0,0,0,0,1,1920,1080,1790
7355294,HP,ProBook 450,Notebook,15.6,8,2.04,Intel,i5,Windows,Nvidia,dedicated,1000,0,0,0,0,0,0,1366,768,846
5289853,Dell,Inspiron 3567,Notebook,15.6,4,2.25,Intel,i3,Linux,AMD,dedicated,1000,0,0,0,0,0,0,1366,768,465
6888074,Dell,Latitude 5580,Notebook,15.6,4,1.9,Intel,i5,Windows,Intel,integrated,500,0,0,0,0,0,0,1366,768,825
8940863,HP,ProBook 450,Notebook,15.6,4,2.04,Intel,i3,Windows,Intel,integrated,500,0,0,0,0,0,0,1920,1080,685
5323404,Dell,Alienware 17,Gaming,17.3,32,4.42,Intel,i7,Windows,Nvidia,dedicated,1000,256,0,0,1,0,0,1920,1080,3149
9119246,Lenovo,IdeaPad 310-15IKB,Notebook,15.6,6,2.4,Intel,i5,Windows,Nvidia,dedicated,0,256,0,0,0,0,0,1920,1080,695
4788986,Dell,XPS 13,2 in 1 Convertible,13.3,16,1.22,Intel,i7,Windows,Intel,integrated,0,512,0,0,0,0,1,3200,1800,1899
1019813,Dell,Latitude E7470,Ultrabook,14.0,8,1.5,Intel,i7,Windows,Intel,integrated,0,256,0,0,0,0,1,2560,1440,1962
5687750,Dell,Alienware 17,Gaming,17.3,32,4.42,Intel,i7,Windows,Nvidia,dedicated,1000,256,0,0,0,0,0,1920,1080,2800
2552355,Toshiba,Tecra A40-C-1DF,Notebook,14.0,8,1.95,Intel,i5,Windows,Intel,integrated,0,256,0,0,0,0,0,1920,1080,1180
2857045,Asus,Rog Strix,Gaming,17.3,16,2.73,Intel,i7,Windows,Nvidia,dedicated,1000,256,0,0,0,0,0,1920,1080,2049
9951552,HP,Probook 450,Notebook,15.6,8,2.04,Intel,i5,Windows,Nvidia,dedicated,1000,128,0,0,1,0,0,1920,1080,979
8747948,Lenovo,ThinkPad T460,Notebook,14.0,4,1.7,Intel,i5,Windows,Intel,integrated,0,0,508,0,0,0,0,1366,768,1002
2658907,Asus,Q534UX-BHI7T19 (i7-7500U/16GB/2TB,2 in 1 Convertible,15.6,16,2.3,Intel,i7,Windows,Nvidia,dedicated,2000,512,0,0,0,0,1,3840,2160,1799
8370494,HP,15-bs053od (i7-7500U/6GB/1TB/W10),Notebook,15.6,6,2.04,Intel,i7,Windows,Intel,integrated,1000,0,0,0,0,0,0,1366,768,579
6460063,Asus,Rog GL753VE-DS74,Gaming,17.3,16,2.99,Intel,i7,Windows,Nvidia,dedicated,1000,256,0,0,0,0,0,1920,1080,1749
2814983,Dell,Inspiron 7579,2 in 1 Convertible,15.6,12,2.19,Intel,i7,Windows,Intel,integrated,0,512,0,0,1,0,1,1920,1080,1299
4112749,Toshiba,Portege Z30-C-1CV,Notebook,13.3,4,1.2,Intel,i5,Windows,Intel,integrated,0,128,0,0,0,0,0,1920,1080,1195
4583354,Lenovo,IdeaPad 320-15ABR,Notebook,15.6,6,2.2,AMD,9720P,Windows,AMD,dedicated,0,256,0,0,0,0,0,1920,1080,549
4474453,Fujitsu,LifeBook A556,Notebook,15.6,4,2.3,Intel,i5,Windows,Intel,integrated,0,256,0,0,0,0,0,1366,768,649
6092016,Toshiba,Tecra A40-C-1KF,Notebook,14.0,4,1.75,Intel,i5,Windows,Intel,integrated,500,0,0,0,0,0,0,1366,768,915
1633452,Dell,Inspiron 3567,Notebook,15.6,4,2.25,Intel,i5,Windows,AMD,dedicated,500,0,0,0,0,0,0,1366,768,599
1595010,HP,Probook 450,Notebook,15.6,8,2.04,Intel,i5,Windows,Intel,integrated,1000,0,0,0,0,0,0,1920,1080,806
4096833,Lenovo,Legion Y520-15IKBN,Gaming,15.6,8,2.5,Intel,i7,Windows,Nvidia,dedicated,1000,128,0,0,1,0,0,1920,1080,1189
6762391,Dell,Inspiron 5567,Notebook,15.6,8,2.36,Intel,i7,Windows,AMD,dedicated,1000,0,0,0,0,0,0,1366,768,749
8152546,Dell,Latitude 5480,Notebook,14.0,8,1.6,Intel,i5,Windows,Intel,integrated,0,128,0,0,0,0,0,1920,1080,1119
4539526,HP,EliteBook Folio,Netbook,12.5,8,0.97,Intel,M,Windows,Intel,integrated,0,512,0,0,0,0,0,1920,1080,1908
5778019,HP,15-bs005nv (i3-6006U/4GB/1TB,Notebook,15.6,4,2.1,Intel,i3,Windows,AMD,dedicated,1000,128,0,0,0,0,0,1920,1080,499
4358139,Lenovo,V110-15IAP (N3350/4GB/128GB/No,Notebook,15.6,4,1.9,Intel,Dual,No OS,Intel,integrated,0,128,0,0,0,0,0,1366,768,270
5749461,Lenovo,ThinkPad T560,Notebook,15.6,8,2.3,Intel,i5,Windows,Intel,integrated,0,256,0,0,0,0,0,1920,1080,1349
3890464,Dell,Inspiron 5378,2 in 1 Convertible,13.3,8,1.68,Intel,i5,Windows,Intel,integrated,0,256,0,0,0,0,1,1920,1080,889
6407618,Asus,ZenBook UX310UA-FB485T,Notebook,13.3,8,1.4,Intel,i5,Windows,Intel,integrated,0,256,0,0,0,0,0,3200,1800,1150
8889771,HP,Spectre 13-V111dx,Ultrabook,13.3,8,1.11,Intel,i7,Windows,Intel,integrated,0,256,0,0,1,0,1,1920,1080,1349
8411990,Acer,Aspire ES1-533,Notebook,15.6,4,2.4,Intel,Quad,Windows,Intel,integrated,500,0,0,0,0,0,0,1366,768,380
5416359,Asus,Rog GL553VE-DS74,Gaming,15.6,16,2.5,Intel,i7,Windows,Nvidia,dedicated,1000,256,0,0,0,0,0,1920,1080,1799
2492585,HP,EliteBook 840,Ultrabook,14.0,8,1.48,Intel,i7,Windows,Intel,integrated,0,512,0,0,0,0,0,1920,1080,2089
6496389,Acer,Nitro 5,Gaming,15.6,8,2.7,Intel,i7,Windows,Nvidia,dedicated,1000,128,0,0,1,0,0,1920,1080,1260
5352719,HP,ENVY -,Notebook,13.3,8,1.34,Intel,i5,Windows,Intel,integrated,0,256,0,0,1,0,0,1920,1080,1189
9293777,Dell,Vostro 3568,Notebook,15.6,4,2.18,Intel,i3,Windows,Intel,integrated,0,128,0,0,0,0,0,1366,768,547
6538891,HP,Probook 440,Notebook,14.0,4,1.64,Intel,i5,Windows,Intel,integrated,500,0,0,0,0,0,0,1366,768,779
6167927,Toshiba,Portege Z30-C-16H,Notebook,13.3,4,1.2,Intel,i5,Windows,Intel,integrated,0,128,0,0,0,0,0,1920,1080,1195
4324417,HP,EliteBook 840,Notebook,14.0,4,1.48,Intel,i5,Windows,Intel,integrated,0,256,0,0,0,0,0,1366,768,1099
3715314,HP,ProBook 640,Notebook,14.0,4,1.95,Intel,i5,Windows,Intel,integrated,0,256,0,0,0,0,0,1920,1080,1205
4924373,HP,EliteBook 1040,Ultrabook,14.0,8,1.43,Intel,i7,Windows,Intel,integrated,0,256,0,0,0,0,0,1920,1080,1449
2003272,HP,ProBook 440,Notebook,14.0,8,1.64,Intel,i5,Windows,Nvidia,dedicated,0,256,0,0,0,0,0,1920,1080,1049
4858128,HP,Probook 440,Notebook,14.0,4,1.64,Intel,i3,Windows,Intel,integrated,500,0,0,0,0,0,0,1366,768,684
7729599,Dell,Inspiron 7567,Gaming,15.6,8,2.65,Intel,i5,Windows,Nvidia,dedicated,0,0,1000,0,0,0,0,1920,1080,949
4895389,HP,EliteBook 820,Ultrabook,12.5,4,1.26,Intel,i5,Windows,Intel,integrated,500,0,0,0,0,0,0,1920,1080,1539
2380083,HP,Elitebook 840,Notebook,14.0,4,1.48,Intel,i5,Windows,Intel,integrated,0,256,0,0,0,0,0,1920,1080,1590
4522578,HP,EliteBook 840,Ultrabook,14.0,8,1.54,Intel,i7,Windows,Intel,integrated,0,256,0,0,0,0,0,1920,1080,1887
6886099,HP,Probook 430,Notebook,13.3,4,1.49,Intel,i3,Windows,Intel,integrated,500,0,0,0,0,0,0,1366,768,800
6007157,Toshiba,Portege A30-C-1CZ,Notebook,13.3,8,1.5,Intel,i5,Windows,Intel,integrated,0,256,0,0,0,0,0,1366,768,1210
5017836,HP,ProBook 450,Notebook,15.6,4,2.04,Intel,i3,Windows,Intel,integrated,0,256,0,0,0,0,0,1366,768,769
8326459,Lenovo,ThinkPad P70,Notebook,17.3,16,2.4,Intel,i7,Windows,Nvidia,dedicated,0,512,0,0,1,0,0,3840,2160,2968
3067398,Toshiba,Tecra Z40-C-12Z,Notebook,14.0,8,1.47,Intel,i5,Windows,Intel,integrated,0,256,0,0,1,0,0,1920,1080,1490
3362314,HP,EliteBook 1040,Notebook,14.0,8,1.43,Intel,i7,Windows,Intel,integrated,0,256,0,0,0,0,0,1920,1080,2229
7837521,Dell,Inspiron 5568,2 in 1 Convertible,15.6,4,2.08,Intel,i3,Windows,Intel,integrated,1000,0,0,0,1,0,1,1920,1080,795
3258090,Toshiba,PortÄ‚Â©gÄ‚Â© Z30-C-16K,Ultrabook,13.3,8,1.2,Intel,i5,Windows,Intel,integrated,0,256,0,0,0,0,0,1920,1080,1590
9116083,HP,Spectre 13-V100nv,Notebook,13.3,8,1.11,Intel,i5,Windows,Intel,integrated,0,256,0,0,1,0,0,1920,1080,1149
4856792,HP,ProBook 440,Notebook,14.0,8,1.64,Intel,i7,Windows,Nvidia,dedicated,0,256,0,0,0,0,0,1920,1080,1185
6491997,Dell,Latitude E5570,Notebook,15.6,8,2.09,Intel,i5,Windows,Intel,integrated,500,0,0,0,0,0,0,1920,1080,1046
1157234,HP,Elitebook 820,Ultrabook,12.5,4,1.26,Intel,i5,Windows,Intel,integrated,0,256,0,0,0,0,0,1366,768,1559
1948508,HP,ProBook 650,Notebook,14.0,4,2.31,Intel,i5,Windows,Intel,integrated,500,0,0,0,0,0,0,1366,768,1189
9134293,HP,ProBook 640,Notebook,14.0,4,1.95,Intel,i5,Windows,Intel,integrated,500,0,0,0,0,0,0,1366,768,1060
1330452,Dell,XPS 13,Ultrabook,13.3,8,1.29,Intel,i5,Windows,Intel,integrated,0,256,0,0,0,0,1,3200,1800,1624
9783620,HP,Probook 470,Notebook,17.3,8,2.63,Intel,i5,Windows,Nvidia,dedicated,0,256,0,0,0,0,0,1920,1080,1080
5666663,HP,ProBook 440,Notebook,14.0,4,1.64,Intel,i5,Windows,Intel,integrated,0,256,0,0,0,0,0,1366,768,973
4185986,Acer,Aspire 3,Notebook,15.6,6,2.1,AMD,9420,Windows,AMD,dedicated,1000,0,0,0,0,0,0,1366,768,409
9081492,MSI,GL72M 7RDX,Gaming,17.3,8,2.7,Intel,i7,Windows,Nvidia,dedicated,1000,128,0,0,0,0,0,1920,1080,1191
6993352,HP,Probook 640,Notebook,14.0,8,1.95,Intel,i5,Windows,Intel,integrated,0,256,0,0,0,0,0,1920,1080,1195
4225514,HP,EliteBook 850,Notebook,15.6,8,1.84,Intel,i7,Windows,Intel,integrated,0,256,0,0,0,0,0,1920,1080,1228
9545011,HP,EliteBook 820,Ultrabook,12.5,8,1.26,Intel,i7,Windows,Intel,integrated,0,256,0,0,0,0,0,1920,1080,1349
6827877,HP,ProBook 450,Notebook,15.6,4,2.04,Intel,i5,Windows,Intel,integrated,500,0,0,0,0,0,0,1366,768,742
8231788,Toshiba,Tecra Z40-C-136,Ultrabook,14.0,8,1.47,Intel,i7,Windows,Intel,integrated,0,256,0,0,1,0,0,1920,1080,1725
9539057,Dell,Latitude E5570,Notebook,15.6,8,2.09,Intel,i5,Windows,Intel,integrated,0,256,0,0,0,0,0,1920,1080,1062
9303831,HP,ProBook 440,Notebook,14.0,8,1.64,Intel,i5,Windows,Intel,integrated,0,256,0,0,0,0,0,1920,1080,1010
7248846,Lenovo,Yoga 500-15ISK,2 in 1 Convertible,15.6,4,1.8,Intel,i7,Windows,Intel,integrated,0,256,0,0,1,0,1,1920,1080,847
7673693,Vero,V142 (X5-Z8350/2GB/32GB/W10),Notebook,14.0,2,1.45,Intel,X5-Z8350,Windows,Intel,integrated,0,0,0,32,0,0,0,1366,768,210
2369472,Toshiba,Tecra A50-C-218,Notebook,15.6,16,2.4,Intel,i7,Windows,Nvidia,dedicated,0,256,0,0,1,0,0,1920,1080,1425
3286359,Lenovo,Thinkpad L560,Notebook,15.6,8,2.3,Intel,i5,Windows,Intel,integrated,0,256,0,0,0,0,0,1920,1080,1049
6676297,HP,EliteBook 840,Notebook,14.0,4,1.54,Intel,i5,Windows,Intel,integrated,500,0,0,0,0,0,0,1920,1080,1000
2795362,HP,EliteBook 850,Notebook,15.6,8,1.84,Intel,i5,Windows,Intel,integrated,500,256,0,0,0,0,0,1920,1080,2103
3298915,HP,EliteBook 1040,Notebook,14.0,8,1.43,Intel,i5,Windows,Intel,integrated,0,256,0,0,0,0,0,1920,1080,1469
7656909,MSI,GT72S Dominator,Gaming,17.3,16,3.78,Intel,i7,Windows,Nvidia,dedicated,1000,256,0,0,1,0,0,1920,1080,1545
7945531,Lenovo,IdeaPad Y900-17ISK,Gaming,17.3,16,4.6,Intel,i7,Windows,Nvidia,dedicated,1000,128,0,0,1,0,0,1920,1080,2289
6960047,Asus,Chromebook C202SA,Netbook,11.6,4,1.2,Intel,Dual,Chrome OS,Intel,integrated,0,0,0,16,0,0,0,1366,768,287
5690677,Lenovo,ThinkPad X1,Notebook,14.0,16,1.1,Intel,i7,Windows,Intel,integrated,0,256,0,0,1,0,0,2560,1440,2620
3736040,HP,Noteb Pav,Notebook,15.6,8,1.91,Intel,i7,Windows,Nvidia,dedicated,1000,0,0,0,1,0,0,1920,1080,979
2056366,Dell,Inspiron 5578,2 in 1 Convertible,15.6,8,2.3,Intel,i5,Windows,Intel,integrated,0,256,0,0,1,0,1,1920,1080,1094
2481827,HP,ProBook 450,Notebook,15.6,4,2.04,Intel,i5,Windows,Intel,integrated,0,256,0,0,0,0,0,1366,768,979
8004533,Dell,XPS 13,Ultrabook,13.3,16,1.2,Intel,i7,Windows,Intel,integrated,0,1000,0,0,0,0,1,3200,1800,2254
2286683,HP,ProBook 650,Notebook,15.6,4,2.31,Intel,i3,Windows,Intel,integrated,500,0,0,0,0,0,0,1366,768,705
2003310,HP,250 G5,Notebook,15.6,4,1.96,Intel,i5,No OS,Intel,integrated,500,0,0,0,0,0,0,1366,768,499
3734296,Acer,Aspire ES1-523,Notebook,15.6,8,2.4,AMD,7410,Windows,AMD,dedicated,1000,0,0,0,0,0,0,1366,768,449
8826916,Dell,Inspiron 7378,2 in 1 Convertible,13.3,12,1.6,Intel,i7,Windows,Intel,integrated,0,256,0,0,1,0,1,1920,1080,1299
2428795,MSI,GT62VR 6RD,Gaming,15.6,16,2.94,Intel,i7,Windows,Nvidia,dedicated,1000,256,0,0,0,0,0,1920,1080,1819
3586299,HP,ProBook 450,Notebook,15.6,8,2.04,Intel,i7,Windows,Intel,integrated,0,256,0,0,0,0,0,1920,1080,1070
1375681,Asus,Rog G752VL-GC088D,Gaming,17.3,16,4.0,Intel,i7,No OS,Nvidia,dedicated,1000,0,0,0,1,0,0,1920,1080,998
7235583,Dell,Inspiron 3567,Notebook,15.6,4,2.25,Intel,i5,Windows,Intel,integrated,1000,0,0,0,0,0,0,1920,1080,559
6236474,Dell,Inspiron 5567,Notebook,15.6,16,2.32,Intel,i7,Windows,AMD,dedicated,2000,0,0,0,0,0,0,1920,1080,989
7829140,MSI,GS63VR 6RF,Gaming,15.6,16,1.8,Intel,i7,Windows,Nvidia,dedicated,1000,256,0,0,0,0,0,1920,1080,1929
2444888,Dell,XPS 13,Ultrabook,13.3,8,1.29,Intel,i7,Windows,Intel,integrated,0,256,0,0,0,0,0,1920,1080,1458
3335869,Asus,ROG G701VO,Gaming,17.3,64,3.58,Intel,i7,Windows,Nvidia,dedicated,0,1000,0,0,1,0,0,1920,1080,3975
1754994,Dell,Inspiron 5368,2 in 1 Convertible,13.3,8,1.62,Intel,i7,Windows,Intel,integrated,0,256,0,0,0,0,1,1920,1080,798
2967207,Dell,Alienware 15,Gaming,15.6,16,3.21,Intel,i7,Windows,Nvidia,dedicated,1000,256,0,0,0,0,0,3840,2160,1329
9404297,Apple,"MacBook 12""",Ultrabook,12.0,8,0.92,Intel,M,Mac OS X,Intel,integrated,0,0,0,256,1,1,0,2304,1440,1300
7019058,Dell,Latitude 3570,Notebook,15.6,4,2.06,Intel,i3,Windows,Intel,integrated,500,0,0,0,0,0,0,1366,768,481
9043491,HP,ProBook 650,Notebook,15.6,4,2.31,Intel,i5,Windows,Intel,integrated,500,0,0,0,0,0,0,1366,768,1199
6585456,HP,EliteBook 820,Ultrabook,12.5,8,1.26,Intel,i5,Windows,Intel,integrated,0,256,0,0,0,0,0,1920,1080,1199
7910067,HP,ProBook 430,Notebook,13.3,8,1.49,Intel,i7,Windows,Intel,integrated,0,256,0,0,0,0,0,1920,1080,1090
1059303,Lenovo,ThinkPad Yoga,Ultrabook,12.5,8,1.3,Intel,i7,Windows,Intel,integrated,0,256,0,0,1,0,1,1920,1080,1713
8111334,Lenovo,IdeaPad 300-17ISK,Notebook,17.3,8,3.0,Intel,i5,Windows,AMD,dedicated,1000,0,0,0,0,0,0,1600,900,659
2965574,Lenovo,Ideapad 700-15ISK,Notebook,15.6,4,2.3,Intel,i5,Windows,Nvidia,dedicated,1000,0,0,0,1,0,0,1920,1080,977
8682254,MSI,GT72VR Dominator,Gaming,17.3,16,3.78,Intel,i7,Windows,Nvidia,dedicated,1000,256,0,0,0,0,0,1920,1080,2499
9854841,Lenovo,V110-15ISK (i5-6200U/4GB/500GB/W10),Notebook,15.6,4,2.1,Intel,i5,Windows,Intel,integrated,500,0,0,0,0,0,0,1366,768,540
4600984,HP,Probook 650,Notebook,15.6,4,2.31,Intel,i5,Windows,Intel,integrated,500,0,0,0,0,0,0,1920,1080,940
2534952,Lenovo,Yoga 900S-12ISK,Ultrabook,12.5,8,0.99,Intel,M,Windows,Intel,integrated,0,512,0,0,1,0,1,2560,1440,1399
8148908,Lenovo,IdeaPad Y900-17ISK,Gaming,17.3,32,4.6,Intel,i7,Windows,Nvidia,dedicated,0,512,1000,0,1,0,0,1920,1080,3240
3762176,Lenovo,Yoga Book,2 in 1 Convertible,10.1,4,0.69,Intel,x5-Z8550,Windows,Intel,integrated,0,0,0,64,1,0,1,1920,1200,646
6670206,HP,Spectre x360,Ultrabook,13.3,16,1.3,Intel,i7,Windows,Intel,integrated,0,512,0,0,1,0,0,3840,2160,2049
5309221,Dell,Vostro 3568,Notebook,15.6,8,2.18,Intel,i5,Windows,Intel,integrated,0,256,0,0,0,0,0,1920,1080,750
7213947,HP,EliteBook 840,Notebook,14.0,4,1.54,Intel,i5,Windows,Intel,integrated,500,0,0,0,0,0,0,1920,1080,1030
4662476,HP,ZBook 15u,Workstation,15.6,8,1.9,Intel,i7,Windows,AMD,dedicated,0,256,0,0,0,0,0,1920,1080,1495
3852781,Lenovo,ThinkPad T460,Notebook,14.0,8,1.7,Intel,i5,Windows,Intel,integrated,0,180,0,0,0,0,0,1920,1080,1199
8321675,HP,Chromebook 13,Notebook,13.3,4,1.29,Intel,Dual,Chrome OS,Intel,integrated,0,0,0,32,0,0,0,3200,1800,615
5822908,Acer,Aspire ES1-523,Notebook,15.6,4,2.4,AMD,7410,Windows,AMD,dedicated,500,0,0,0,0,0,0,1366,768,387
7125483,Dell,Inspiron 3552,Notebook,15.6,4,2.2,Intel,Quad,Linux,Intel,integrated,500,0,0,0,0,0,0,1366,768,393
9069702,HP,250 G6,Notebook,15.6,4,1.86,Intel,i3,No OS,Intel,integrated,1000,0,0,0,0,0,0,1366,768,345
2414677,Asus,Rog GL702VM-GC354T,Gaming,17.3,8,2.7,Intel,i7,Windows,Nvidia,dedicated,1000,256,0,0,1,0,0,1920,1080,1599
4594338,Dell,Inspiron 5370,Ultrabook,13.3,4,1.4,Intel,i5,Windows,AMD,dedicated,0,256,0,0,1,0,0,1920,1080,818
8023838,HP,Elitebook 820,Netbook,12.5,4,2.4,Intel,i5,Windows,Intel,integrated,0,128,0,0,0,0,0,1366,768,1599
5567668,Acer,Aspire F5-573G,Notebook,15.6,8,2.4,Intel,i5,Windows,Nvidia,dedicated,1000,256,0,0,0,0,0,1920,1080,799
7050429,Dell,Inspiron 5567,Notebook,15.6,8,2.36,Intel,i5,Windows,AMD,dedicated,1000,0,0,0,0,0,0,1920,1080,638
8401766,MSI,GS70 Stealth,Gaming,17.3,8,2.6,Intel,i7,Windows,Nvidia,dedicated,0,256,0,0,0,0,0,1920,1080,1599
3159162,HP,250 G5,Notebook,15.6,4,1.96,Intel,Quad,Windows,Intel,integrated,1000,0,0,0,0,0,0,1366,768,500
4882525,Asus,G752VY-GC162T (i7-6700HQ/16GB/1TB,Gaming,17.3,16,4.3,Intel,i7,Windows,Nvidia,dedicated,1000,128,0,0,1,0,0,1920,1080,2299
1671943,Dell,Latitude E5270,Ultrabook,12.5,4,1.5,Intel,i3,Windows,Intel,integrated,500,0,0,0,0,0,0,1366,768,1135
9385935,Dell,Latitude E5270,Ultrabook,12.5,4,1.5,Intel,i3,Windows,Intel,integrated,0,128,0,0,0,0,0,1366,768,1166
2981902,Acer,Chromebook 15,Notebook,15.6,4,2.2,Intel,Dual,Chrome OS,Intel,integrated,0,16,0,0,0,0,0,1366,768,209
2938146,HP,ZBook 17,Workstation,17.3,8,3.0,Intel,i7,Windows,AMD,dedicated,1000,0,0,0,1,0,0,1920,1080,2899
2091722,Lenovo,Legion Y520-15IKBN,Gaming,15.6,16,2.4,Intel,i7,Windows,Nvidia,dedicated,0,512,0,0,0,0,0,1920,1080,1199
5569597,Dell,Latitude E5270,Ultrabook,12.5,8,1.5,Intel,i5,Windows,Intel,integrated,0,256,0,0,0,0,0,1366,768,1413
4146766,MSI,GE72 Apache,Gaming,17.3,8,2.9,Intel,i7,Windows,Nvidia,dedicated,1000,128,0,0,0,0,0,1920,1080,1511
7353700,Lenovo,Yoga 500-15ISK,2 in 1 Convertible,15.6,4,2.1,Intel,i5,Windows,Intel,integrated,0,256,0,0,1,0,1,1920,1080,867
2568953,HP,15-bw011nv (A6-9220/4GB/1TB/FHD/W10),Notebook,15.6,4,2.1,AMD,9220,Windows,AMD,dedicated,1000,0,0,0,0,0,0,1920,1080,398
6143705,Asus,Rog GL552VW-CN470T,Gaming,15.6,16,2.59,Intel,i7,Windows,Nvidia,dedicated,1000,128,0,0,1,0,0,1920,1080,1339
1858110,HP,EliteBook 1030,Notebook,13.3,8,1.16,Intel,M,Windows,Intel,integrated,0,256,0,0,0,0,1,3200,1800,1699
3997689,Dell,Vostro 3559,Notebook,15.6,4,2.24,Intel,i5,Windows,AMD,dedicated,500,0,0,0,0,0,0,1366,768,769
8927910,Lenovo,V110-15ISK (i3-6006U/4GB/128GB/W10),Notebook,15.6,4,2.1,Intel,i3,Windows,Intel,integrated,0,128,0,0,0,0,0,1366,768,429
2239091,HP,Spectre Pro,Ultrabook,13.3,8,1.16,Intel,i7,Windows,Intel,integrated,0,512,0,0,0,0,0,1920,1080,1969
1473102,Lenovo,Yoga Book,2 in 1 Convertible,10.1,4,0.69,Intel,x5-Z8550,Android,Intel,integrated,0,0,0,64,1,0,1,1920,1200,549
3803116,Dell,XPS 13,Ultrabook,13.3,8,1.23,Intel,i7,Windows,Intel,integrated,0,256,0,0,0,0,0,1920,1080,1379
3591230,Lenovo,IdeaPad Y900-17ISK,Gaming,17.3,16,4.6,Intel,i7,Windows,Nvidia,dedicated,0,256,1000,0,1,0,0,1920,1080,2749
4989851,Razer,Blade Stealth,Ultrabook,12.5,8,1.25,Intel,i7,Windows,Intel,integrated,0,256,0,0,0,0,1,3840,2160,1029
2816522,Toshiba,Portege X30-D-10K,Ultrabook,13.3,16,1.05,Intel,i7,Windows,Intel,integrated,0,512,0,0,0,0,0,1920,1080,2226
6127073,Asus,Rog GL752VW-T4308T,Gaming,17.3,8,3.52,Intel,i7,Windows,Nvidia,dedicated,1000,128,0,0,0,0,0,1920,1080,1312
1478754,Vero,V131 (X5-Z8350/4GB/32GB/FHD/W10),Notebook,13.3,4,1.35,Intel,X5-Z8350,Windows,Intel,integrated,0,0,0,32,0,0,0,1920,1080,196
2223851,HP,Spectre Pro,Notebook,13.3,8,1.16,Intel,i5,Windows,Intel,integrated,0,256,0,0,0,0,0,1920,1080,1690
2851111,HP,EliteBook 1040,Notebook,14.0,8,1.43,Intel,i5,Windows,Intel,integrated,0,256,0,0,0,0,0,1920,1080,1513
3619773,Dell,Latitude E5570,Notebook,15.6,4,2.09,Intel,i5,Linux,Intel,integrated,500,0,0,0,0,0,0,1366,768,523
3349654,Asus,VivoBook Max,Notebook,15.6,4,2.0,Intel,i3,Windows,Intel,integrated,1000,0,0,0,0,0,0,1366,768,435
1022135,Lenovo,ThinkPad Yoga,2 in 1 Convertible,14.0,8,1.8,Intel,i7,Windows,Intel,integrated,0,256,0,0,1,0,1,1920,1080,1669
5822284,Lenovo,Yoga Book,2 in 1 Convertible,10.1,4,0.69,Intel,x5-Z8550,Windows,Intel,integrated,0,0,0,64,1,0,1,1920,1200,479
9849304,HP,EliteBook 820,Ultrabook,12.5,8,1.26,Intel,i5,Windows,Intel,integrated,0,256,0,0,0,0,0,1366,768,1895
4702771,Lenovo,Legion Y520-15IKBN,Gaming,15.6,8,2.4,Intel,i5,No OS,Nvidia,dedicated,1000,128,0,0,1,0,0,1920,1080,989
1724555,HP,Omen -,Gaming,17.3,8,3.35,Intel,i5,Windows,Nvidia,dedicated,1000,128,0,0,1,0,0,1920,1080,1129
2579214,HP,15-bs078cl (i7-7500U/8GB/2TB/W10),Notebook,15.6,8,2.04,Intel,i7,Windows,Intel,integrated,2000,0,0,0,0,0,0,1366,768,629
3106341,Lenovo,ThinkPad P40,2 in 1 Convertible,14.0,8,1.8,Intel,i7,Windows,Nvidia,dedicated,0,512,0,0,1,0,1,1920,1080,2050
2738174,Asus,L403NA-GA013TS (N3350/4GB/32GB/W10),Notebook,14.0,4,1.5,Intel,Dual,Windows,Intel,integrated,0,0,0,32,0,0,0,1366,768,278
3371187,HP,250 G6,Ultrabook,15.6,8,1.84,Intel,i7,Windows,Intel,integrated,0,256,0,0,0,0,0,1920,1080,752
3613743,Acer,Aspire E5-576G,Notebook,15.6,4,2.23,Intel,i5,Windows,Nvidia,dedicated,1000,0,0,0,0,0,0,1920,1080,616
9251441,Lenovo,IdeaPad 500-15ISK,Notebook,15.6,16,2.5,Intel,i7,Windows,AMD,dedicated,0,0,1000,0,0,0,0,1920,1080,1099
6611874,HP,ZBook 17,Workstation,17.3,8,3.0,Intel,i7,Windows,Nvidia,dedicated,0,256,0,0,1,0,0,1920,1080,3949
5563916,Dell,Inspiron 5567,Notebook,15.6,8,2.5,Intel,i5,Windows,AMD,dedicated,1000,0,0,0,0,0,0,1366,768,784
9206819,MSI,GT72S Dominator,Gaming,17.3,16,3.78,Intel,i7,Windows,Nvidia,dedicated,1000,256,0,0,0,0,0,1920,1080,2399
2019403,HP,EliteBook 850,Ultrabook,15.6,8,1.88,Intel,i7,Windows,Intel,integrated,0,256,0,0,0,0,0,1920,1080,2171
2206910,Lenovo,ThinkPad X1,2 in 1 Convertible,14.0,16,2.8,Intel,i7,Windows,Intel,integrated,0,512,0,0,1,0,1,2560,1440,2440
3025664,MSI,GP62M 7RDX,Gaming,15.6,8,2.4,Intel,i7,Windows,Nvidia,dedicated,1000,128,0,0,0,0,0,1920,1080,1142
8215950,HP,Spectre Pro,2 in 1 Convertible,13.3,8,1.48,Intel,i5,Windows,Intel,integrated,0,256,0,0,0,0,1,1920,1080,1629
9084507,HP,ZBook 15,Workstation,15.6,8,2.59,Intel,i7,Windows,Nvidia,dedicated,0,256,0,0,1,0,0,1920,1080,2229
9696048,HP,Spectre Pro,2 in 1 Convertible,13.3,8,1.48,Intel,i7,Windows,Intel,integrated,0,256,0,0,0,0,1,2560,1440,1799
9016949,HP,ZBook Studio,Workstation,15.6,8,2.0,Intel,i7,Windows,Nvidia,dedicated,0,256,0,0,0,0,0,1920,1080,1899
1116856,HP,EliteBook 820,Ultrabook,12.5,8,1.26,Intel,i7,Windows,Intel,integrated,0,256,0,0,0,0,0,1920,1080,2296
8017281,Dell,Vostro 5568,Notebook,15.6,8,2.18,Intel,i7,Windows,Nvidia,dedicated,0,256,0,0,0,0,0,1920,1080,1009
6900518,HP,EliteBook 850,Notebook,15.6,8,1.88,Intel,i5,Windows,Intel,integrated,0,256,0,0,0,0,0,1920,1080,1579
3541816,Lenovo,ThinkPad X1,2 in 1 Convertible,14.0,8,1.27,Intel,i7,Windows,Intel,integrated,0,256,0,0,1,0,1,2560,1440,2339
6302596,Lenovo,V110-15ISK (i3-6006U/4GB/1TB/No,Notebook,15.6,4,1.9,Intel,i3,No OS,Intel,integrated,1000,0,0,0,0,0,0,1366,768,339
6478939,HP,15-BA015wm (E2-7110/4GB/500GB/W10),Notebook,15.6,4,1.86,AMD,7110,Windows,AMD,dedicated,500,0,0,0,0,0,0,1366,768,297
7262162,Lenovo,B51-80 (i5-6200U/8GB/1TB/Radeon,Notebook,15.6,8,2.32,Intel,i5,No OS,AMD,dedicated,1000,0,0,0,0,0,0,1920,1080,599
5926363,Dell,Inspiron 7567,Gaming,15.6,8,2.62,Intel,i7,Windows,Nvidia,dedicated,1000,0,0,0,0,0,0,1920,1080,1199
3311285,Dell,XPS 15,Notebook,15.6,8,2.04,Intel,i5,Windows,Nvidia,dedicated,0,256,0,0,1,0,1,3840,2160,2250
9711541,HP,15-bw002nv (A6-9220/4GB/256GB/Radeon,Notebook,15.6,4,1.91,AMD,A6-9220,Windows,AMD,dedicated,0,256,0,0,0,0,0,1920,1080,478
2641671,MSI,GP72M 7REX,Gaming,17.3,16,2.7,Intel,i7,Windows,Nvidia,dedicated,1000,256,0,0,0,0,0,1920,1080,1492
9675105,Lenovo,ThinkPad T460s,Ultrabook,14.0,12,1.4,Intel,i7,Windows,Intel,integrated,0,512,0,0,0,0,0,1920,1080,2299
1056057,Lenovo,B51-80 (i5-6200U/8GB/1008GB/Radeon,Notebook,15.6,8,2.5,Intel,i5,Windows,AMD,dedicated,0,0,1000,0,0,0,0,1920,1080,788
2680831,HP,Spectre Pro,2 in 1 Convertible,13.3,8,1.48,Intel,i7,Windows,Intel,integrated,0,512,0,0,0,0,1,2560,1440,2041
9941897,Lenovo,ThinkPad T460,Ultrabook,14.0,8,1.7,Intel,i7,Windows,Intel,integrated,0,256,0,0,0,0,0,1920,1080,1499
4962242,MSI,GS40 Phantom,Gaming,14.0,16,1.7,Intel,i7,Windows,Nvidia,dedicated,1000,256,0,0,0,0,0,1920,1080,1769
4358763,HP,Pavilion 15-cb003nv,Gaming,15.6,8,2.62,Intel,i7,Windows,Nvidia,dedicated,1000,0,0,0,1,0,0,1920,1080,899
6594248,Lenovo,IdeaPad 310-15ISK,Notebook,15.6,8,2.2,Intel,i3,Windows,Intel,integrated,1000,0,0,0,0,0,0,1366,768,459
9988916,HP,250 G4,Notebook,15.6,4,2.1,Intel,i5,No OS,Intel,integrated,500,0,0,0,0,0,0,1366,768,476
1534868,Dell,Inspiron 7567,Gaming,15.6,8,2.62,Intel,i7,Windows,Nvidia,dedicated,1000,128,0,0,0,0,0,3840,2160,1498
6681222,Lenovo,ThinkPad T570,Notebook,15.6,8,1.95,Intel,i5,Windows,Intel,integrated,0,256,0,0,1,0,0,1920,1080,1390
2091558,Lenovo,320-15ISK (i3-6006U/4GB/1TB/GeForce,Notebook,15.6,4,2.2,Intel,i3,Windows,Nvidia,dedicated,1000,0,0,0,0,0,0,1920,1080,468
6614232,HP,Stream 14-AX000nv,Notebook,14.0,2,1.44,Intel,Dual,Windows,Intel,integrated,0,0,0,32,0,0,0,1366,768,249
9101928,MSI,PL60 7RD,Gaming,15.6,8,2.2,Intel,i7,Windows,Nvidia,dedicated,1000,0,0,0,1,0,0,1920,1080,839
2921108,HP,250 G5,Notebook,15.6,8,1.96,Intel,i7,Windows,Intel,integrated,0,256,0,0,0,0,0,1920,1080,679
4353149,HP,ProBook 450,Notebook,15.6,16,2.1,Intel,i7,Windows,Intel,integrated,0,512,0,0,0,0,0,1920,1080,1159
5201724,Asus,X553SA-XX021T (N3050/4GB/500GB/W10),Notebook,15.6,4,2.2,Intel,Dual,Windows,Intel,integrated,500,0,0,0,0,0,0,1366,768,369
9318519,Lenovo,V110-15ISK (i5-6200U/4GB/500GB/No,Notebook,15.6,4,2.1,Intel,i5,No OS,Intel,integrated,500,0,0,0,0,0,0,1366,768,398
6819784,Lenovo,IdeaPad 510-15IKB,Notebook,15.6,8,2.2,Intel,i7,No OS,Nvidia,dedicated,1000,0,0,0,0,0,0,1920,1080,709
2618217,Asus,UX410UA-GV097T (i3-7100U/4GB/256GB/FHD/W10),Notebook,14.0,4,2.0,Intel,i3,Windows,Intel,integrated,0,256,0,0,0,0,0,1920,1080,769
9858096,Lenovo,B51-80 (i7-6500U/4GB/1008GB/FHD/W7),Notebook,15.6,4,2.32,Intel,i7,Windows,Intel,integrated,0,0,1000,0,0,0,0,1920,1080,825
7550576,Lenovo,IdeaPad Y700-15ISK,Gaming,15.6,16,3.31,Intel,i7,Windows,Nvidia,dedicated,0,512,0,0,1,0,0,1920,1080,1305
5903313,MSI,GS60 Ghost,Gaming,15.6,16,1.91,Intel,i7,Windows,Nvidia,dedicated,1000,128,0,0,0,0,0,1920,1080,2153
3957732,HP,ProBook 450,Notebook,15.6,4,2.07,Intel,i3,Windows,Intel,integrated,500,0,0,0,0,0,0,1366,768,650
2378014,Lenovo,ThinkPad X1,2 in 1 Convertible,14.0,8,1.36,Intel,i5,Windows,Intel,integrated,0,256,0,0,1,0,1,2560,1440,1637
7476438,Lenovo,IdeaPad 310-15IKB,Ultrabook,15.6,6,1.54,Intel,i7,Windows,Nvidia,dedicated,0,256,0,0,0,0,0,1920,1080,831
8716939,Dell,Vostro 5568,Notebook,15.6,8,1.98,Intel,i7,Linux,Nvidia,dedicated,0,256,0,0,0,0,0,1920,1080,895
7067199,Acer,Aspire 3,Notebook,15.6,4,2.1,Intel,Dual,Windows,Intel,integrated,500,0,0,0,0,0,0,1366,768,333
3849318,HP,Pavilion 15-BC000nv,Notebook,15.6,6,2.18,Intel,i7,Windows,Nvidia,dedicated,1000,0,0,0,1,0,0,1920,1080,799
6865594,Asus,Rog GL552VW-DM201T,Gaming,15.6,8,2.591,Intel,i7,Windows,Nvidia,dedicated,1000,256,0,0,1,0,0,1920,1080,909
7937210,Dell,Inspiron 5578,2 in 1 Convertible,15.6,16,2.09,Intel,i7,Windows,Intel,integrated,0,512,0,0,0,0,1,1920,1080,1179
9445233,Acer,Aspire E5-576G,Notebook,15.6,4,2.23,Intel,i5,Windows,Nvidia,dedicated,0,256,0,0,0,0,0,1920,1080,691
5977892,Dell,XPS 13,Ultrabook,13.3,8,1.23,Intel,i5,Linux,Intel,integrated,0,256,0,0,0,0,1,3200,1800,1099
4659899,Acer,Predator G9-793,Gaming,17.3,16,4.2,Intel,i7,Windows,Nvidia,dedicated,1000,256,0,0,1,0,0,1920,1080,2599
9747224,Lenovo,Legion Y520-15IKBN,Gaming,15.6,8,2.4,Intel,i5,Windows,Nvidia,dedicated,1000,0,0,0,1,0,0,1920,1080,819
2823902,Samsung,Chromebook Plus,2 in 1 Convertible,12.3,4,1.15,Samsung,A72&A53,Chrome OS,ARM,dedicated,0,0,0,32,1,0,1,2400,1600,659
1829158,HP,250 G6,Notebook,15.6,4,1.86,Intel,i5,Windows,Intel,integrated,500,0,0,0,0,0,0,1366,768,485
3627718,Apple,"MacBook 12""",Ultrabook,12.0,8,0.92,Intel,M,Mac OS X,Intel,integrated,0,0,0,256,1,1,0,2304,1440,1163
9028862,Dell,Inspiron 7378,2 in 1 Convertible,13.3,8,1.6,Intel,i5,Windows,Intel,integrated,0,256,0,0,1,0,1,1920,1080,1199
4576846,HP,Pavilion Power,Notebook,15.6,12,2.21,Intel,i7,Windows,Nvidia,dedicated,1000,128,0,0,1,0,0,1920,1080,1327
1837236,Lenovo,V110-15ISK (i3-6006U/4GB/1TB/Radeon,Notebook,15.6,4,1.9,Intel,i3,No OS,AMD,dedicated,1000,0,0,0,0,0,0,1366,768,368
2732619,Asus,Rog G752VY-GC229T,Gaming,17.3,16,4.3,Intel,i7,Windows,Nvidia,dedicated,1000,512,0,0,1,0,0,1920,1080,2150
1646292,Acer,Aspire 3,Notebook,15.6,4,2.1,Intel,Dual,Linux,Intel,integrated,1000,0,0,0,0,0,0,1366,768,272
6683244,MSI,GS73VR 7RF,Gaming,17.3,16,2.43,Intel,i7,Windows,Nvidia,dedicated,1000,256,0,0,0,0,0,1920,1080,2048
3465612,Dell,Inspiron 5567,Notebook,15.6,4,2.3,Intel,i3,Windows,AMD,dedicated,0,128,0,0,0,0,0,1366,768,499
7555958,Lenovo,IdeaPad 310-15ISK,Notebook,15.6,8,2.2,Intel,i7,No OS,Nvidia,dedicated,500,0,0,0,0,0,0,1366,768,629
7293900,Dell,Inspiron 5579,2 in 1 Convertible,15.6,16,2.0,Intel,i7,Windows,Intel,integrated,0,512,0,0,0,0,1,1920,1080,1285
6125403,Dell,XPS 13,Ultrabook,13.3,16,1.2,Intel,i7,Windows,Intel,integrated,0,512,0,0,0,0,1,3200,1800,2680
3822728,Asus,FX502VM-DM105T (i7-6700HQ/8GB/1TB/GeForce,Gaming,15.6,8,2.2,Intel,i7,Windows,Nvidia,dedicated,1000,0,0,0,0,0,0,1920,1080,1169
4600839,Dell,Inspiron 5567,Notebook,15.6,8,2.36,Intel,i5,Windows,AMD,dedicated,0,256,0,0,0,0,0,1920,1080,889
9932887,HP,15-bs025nv (i5-7200U/8GB/256GB/W10),Notebook,15.6,8,1.91,Intel,i5,Windows,Intel,integrated,0,256,0,0,0,0,0,1366,768,579
9677383,Lenovo,IdeaPad 320-15AST,Notebook,15.6,4,2.2,AMD,9000,Windows,AMD,dedicated,500,0,0,0,0,0,0,1366,768,299
5860283,Acer,Aspire E5-774G,Notebook,17.3,8,3.3,Intel,i3,Windows,Nvidia,dedicated,1000,0,0,0,0,0,0,1600,900,629
2443012,Asus,Rog Strix,Gaming,15.6,16,2.2,Intel,i7,Windows,Nvidia,dedicated,1000,256,0,0,0,0,0,1920,1080,2449
7888432,Apple,"MacBook 12""",Ultrabook,12.0,8,0.92,Intel,M,Mac OS X,Intel,integrated,0,0,0,512,1,1,0,2304,1440,1279
8563087,Asus,FX502VM-AS73 (i7-7700HQ/16GB/1TB,Notebook,15.6,16,2.2,Intel,i7,Windows,Nvidia,dedicated,1000,128,0,0,0,0,0,1920,1080,1749
9876055,MSI,GS73VR Stealth,Gaming,17.3,16,2.43,Intel,i7,Windows,Nvidia,dedicated,1000,256,0,0,1,0,0,1920,1080,1948
9505275,Dell,Inspiron 7579,2 in 1 Convertible,15.6,8,2.191,Intel,i5,Windows,Intel,integrated,0,256,0,0,1,0,1,1920,1080,999
8611276,Asus,ROG Strix,Gaming,17.3,16,2.9,Intel,i7,Windows,Nvidia,dedicated,1000,256,0,0,0,0,0,1920,1080,1949
3564228,Acer,C740-C9QX (3205U/2GB/32GB/Chrome,Netbook,11.6,2,1.3,Intel,Dual,Chrome OS,Intel,integrated,0,32,0,0,0,0,0,1366,768,174
8903727,Acer,E5 774G,Notebook,17.3,4,3.3,Intel,i3,Windows,Nvidia,dedicated,1000,0,0,0,0,0,0,1600,900,598
1897616,Lenovo,IdeaPad 320-17IKB,Notebook,17.3,8,2.8,Intel,i5,No OS,Intel,integrated,1000,0,0,0,0,0,0,1600,900,539
1615409,Lenovo,IdeaPad Y700-15ISK,Gaming,15.6,8,2.6,Intel,i7,Windows,Nvidia,dedicated,1000,128,0,0,1,0,0,1920,1080,1272
3315262,Acer,SP714-51 (i7-7Y75/8GB/256GB/FHD/W10),2 in 1 Convertible,14.0,8,1.2,Intel,i7,Windows,Intel,integrated,0,256,0,0,1,0,1,1920,1080,1149
3370964,Lenovo,Thinkpad T560,Notebook,15.6,8,2.3,Intel,i7,Windows,Intel,integrated,0,256,0,0,1,0,0,1920,1080,1529
3965532,MSI,GP62MVR 6RF,Gaming,15.6,8,2.2,Intel,i7,Windows,Nvidia,dedicated,1000,128,0,0,0,0,0,1920,1080,1476
3547352,HP,15-bw009nv (A12-9720P/6GB/1TB/Radeon,Notebook,15.6,6,2.1,AMD,9720P,Windows,AMD,dedicated,1000,0,0,0,0,0,0,1920,1080,529
1434855,Dell,Latitude E7270,Ultrabook,12.5,8,1.26,Intel,i5,Windows,Intel,integrated,0,256,0,0,0,0,1,1920,1080,1713
2878339,Dell,Inspiron 5578,2 in 1 Convertible,15.0,4,2.08,Intel,i3,Windows,Intel,integrated,500,0,0,0,0,0,1,1920,1080,509
9228757,Asus,X540SA-RBPDN09 (N3710/4GB/1TB/W10),Notebook,15.6,4,2.65,Intel,Quad,Windows,Intel,integrated,1000,0,0,0,0,0,0,1366,768,309
1194966,Dell,XPS 13,Ultrabook,13.3,8,1.29,Intel,i7,Windows,Intel,integrated,0,256,0,0,0,0,1,3200,1800,1477
4636240,Dell,Vostro 3568,Notebook,15.6,4,2.18,Intel,i5,Linux,Intel,integrated,1000,0,0,0,0,0,0,1366,768,521
3791046,Lenovo,IdeaPad Y700-15ISK,Gaming,15.6,16,2.6,Intel,i7,Windows,Nvidia,dedicated,1000,128,0,0,1,0,1,1920,1080,1029
5767190,MSI,GL62M 7RDX,Gaming,15.6,8,2.2,Intel,i7,Windows,Nvidia,dedicated,1000,128,0,0,0,0,0,1920,1080,1149
7254664,Lenovo,ThinkPad Yoga,Netbook,12.5,16,1.3,Intel,i7,Windows,Intel,integrated,0,512,0,0,1,0,1,1920,1080,1650
4061701,Razer,Blade Pro,Gaming,14.0,16,1.95,Intel,i7,Windows,Nvidia,dedicated,0,1000,0,0,0,0,0,1920,1080,3499
5871253,Dell,Inspiron 3567,Notebook,15.6,8,2.3,Intel,i3,Windows,Intel,integrated,1000,0,0,0,0,0,1,1366,768,469
7174319,MSI,GE72VR Apache,Gaming,17.3,16,2.7,Intel,i7,Windows,Nvidia,dedicated,1000,256,0,0,0,0,0,1920,1080,1598
7546603,Apple,MacBook Air,Ultrabook,11.6,4,1.08,Intel,i5,Mac OS X,Intel,integrated,0,0,0,256,0,0,0,1366,768,959
3805387,HP,15-bs023nv (i3-6006U/4GB/1TB/FHD/W10),Notebook,15.6,4,2.1,Intel,i3,Windows,Intel,integrated,1000,0,0,0,0,0,0,1920,1080,478
1050527,HP,EliteBook 840,Ultrabook,14.0,8,1.54,Intel,i7,Windows,Intel,integrated,0,256,0,0,0,0,0,2560,1440,2198
9969570,Dell,Vostro 3559,Notebook,15.6,4,2.24,Intel,i5,Windows,Intel,integrated,500,0,0,0,0,0,0,1366,768,737
9122597,MSI,GL62 6QF,Gaming,15.6,8,2.3,Intel,i7,Windows,Nvidia,dedicated,1000,128,0,0,0,0,0,1920,1080,1169
4408529,Lenovo,ThinkPad 13,Notebook,13.3,16,1.4,Intel,i7,Windows,Intel,integrated,0,512,0,0,1,0,0,1920,1080,1499
7092736,Lenovo,IdeaPad 320-15ABR,Notebook,15.6,6,2.2,AMD,9720P,Windows,AMD,dedicated,0,256,0,0,0,0,0,1920,1080,597
8618610,Asus,ZenBook UX310UA-WB71,Ultrabook,13.3,8,1.45,Intel,i7,Windows,Intel,integrated,0,256,0,0,0,0,0,1920,1080,1280
7039300,Acer,Aspire ES1-572,Notebook,15.6,4,2.4,Intel,i3,Linux,Intel,integrated,500,0,0,0,0,0,0,1366,768,361
3138039,Dell,Inspiron 7779,2 in 1 Convertible,17.3,16,2.77,Intel,i7,Windows,Nvidia,dedicated,0,512,0,0,0,0,1,1920,1080,1799
3310447,HP,EliteBook 840,Notebook,14.0,4,1.54,Intel,i5,Windows,Intel,integrated,0,256,0,0,0,0,0,1920,1080,1099
3530873,Asus,Rog GL553VE-FY052T,Gaming,15.6,16,2.5,Intel,i7,Windows,Nvidia,dedicated,1000,256,0,0,1,0,0,1920,1080,1600
6729956,Dell,Latitude 5480,Notebook,14.0,4,1.6,Intel,i5,Windows,Intel,integrated,500,0,0,0,0,0,0,1366,768,875
1749261,Asus,Rog GL502VS,Gaming,15.6,16,2.34,Intel,i7,Windows,Nvidia,dedicated,1000,256,0,0,1,0,0,1920,1080,2325
3910184,Lenovo,V510-15IKB (i5-7200U/8GB/256GB/FHD/No,Notebook,15.6,8,2.3,Intel,i5,No OS,Intel,integrated,0,256,0,0,1,0,0,1920,1080,573
6754784,Dell,XPS 13,2 in 1 Convertible,13.3,8,1.24,Intel,i5,Windows,Intel,integrated,0,256,0,0,0,0,1,3200,1800,1813
6636817,Dell,Inspiron 3552,Notebook,15.6,4,2.2,Intel,Quad,Linux,Intel,integrated,500,0,0,0,0,0,0,1366,768,324
4301918,HP,255 G6,Notebook,15.6,4,1.86,AMD,9220,Windows,AMD,dedicated,500,0,0,0,0,0,0,1366,768,399
6862412,Lenovo,IdeaPad 310-15ISK,Notebook,15.6,6,2.4,Intel,i3,Windows,Nvidia,dedicated,0,128,0,0,0,0,0,1920,1080,569
1738460,Lenovo,ThinkPad L460,Notebook,14.0,8,1.9,Intel,i5,Windows,Intel,integrated,0,256,0,0,1,0,0,1920,1080,1072
8475301,Dell,Inspiron 3552,Notebook,15.6,4,2.2,Intel,Quad,Windows,Intel,integrated,500,0,0,0,0,0,0,1366,768,443
3416963,Asus,X541NA-GO020T (N3350/4GB/1TB/W10),Notebook,15.6,4,2.0,Intel,Dual,Windows,Intel,integrated,1000,0,0,0,0,0,0,1366,768,339
7818327,Asus,Rog G752VT-GC073T,Gaming,17.3,16,4.0,Intel,i7,Windows,Nvidia,dedicated,1000,128,0,0,1,0,0,1920,1080,1900
4080579,Dell,Vostro 3568,Notebook,15.6,4,2.29,Intel,i3,Windows,Intel,integrated,500,0,0,0,0,0,0,1366,768,490
3507379,Lenovo,B51-80 (i7-6500U/8GB/1008GB/Radeon,Notebook,15.6,8,2.32,Intel,i7,Windows,AMD,dedicated,0,0,1000,0,0,0,0,1920,1080,895
6585910,MSI,GE62 Apache,Gaming,15.6,8,2.4,Intel,i7,Windows,Nvidia,dedicated,1000,128,0,0,0,0,0,1920,1080,1229
2434088,Lenovo,Yoga 500-14IBD,2 in 1 Convertible,14.0,4,1.8,Intel,i5,Windows,Intel,integrated,0,128,0,0,0,0,1,1920,1080,833
9134926,Asus,ZenBook UX305CA-UBM1,Ultrabook,13.3,8,1.2,Intel,M,Windows,Intel,integrated,0,512,0,0,1,0,0,1920,1080,729
3530730,Dell,Inspiron 3567,Notebook,15.6,6,2.3,Intel,i3,Windows,Intel,integrated,1000,0,0,0,0,0,0,1366,768,459
1702564,Acer,Aspire ES1-531,Notebook,15.6,4,2.4,Intel,Dual,Linux,Intel,integrated,500,0,0,0,0,0,0,1366,768,289
6309256,Dell,Inspiron 3552,Notebook,15.6,2,2.2,Intel,Dual,Windows,Intel,integrated,500,0,0,0,0,0,0,1366,768,379
9166425,Lenovo,IdeaPad Y700-15ISK,Notebook,15.6,8,2.6,Intel,i7,Windows,Nvidia,dedicated,1000,0,0,0,1,0,0,1920,1080,899
9781675,HP,Pavilion 15-AW003nv,Notebook,15.6,6,2.04,AMD,9410,Windows,AMD,dedicated,0,0,1000,0,0,0,0,1920,1080,549
1012887,Dell,Inspiron 3567,Notebook,15.6,8,2.3,Intel,i7,Linux,AMD,dedicated,1000,0,0,0,0,0,0,1366,768,805
8653550,HP,Stream 11-Y000na,Netbook,11.6,2,1.17,Intel,Dual,Windows,Intel,integrated,0,0,0,32,0,0,0,1366,768,209
2988937,Asus,X556UJ-XO044T (i7-6500U/4GB/500GB/GeForce,Notebook,15.6,4,2.2,Intel,i7,Windows,Nvidia,dedicated,500,0,0,0,0,0,0,1366,768,720
1513407,Lenovo,Yoga 500-14ISK,2 in 1 Convertible,14.0,4,1.8,Intel,i7,Windows,Intel,integrated,0,128,0,0,1,0,1,1920,1080,638
8860871,Lenovo,Yoga 900-13ISK,2 in 1 Convertible,13.3,16,1.3,Intel,i7,Windows,Intel,integrated,0,512,0,0,1,0,1,3200,1800,1499
6539218,Lenovo,IdeaPad 100S-14IBR,Notebook,14.0,2,1.5,Intel,Dual,Windows,Intel,integrated,0,0,0,64,0,0,0,1366,768,229
1665350,HP,15-AC110nv (i7-6500U/6GB/1TB/Radeon,Notebook,15.6,6,2.19,Intel,i7,Windows,AMD,dedicated,1000,0,0,0,0,0,0,1366,768,764
4352366,Asus,X553SA-XX031T (N3050/4GB/500GB/W10),Notebook,15.6,4,2.2,Intel,Dual,Windows,Intel,integrated,500,0,0,0,0,0,0,1366,768,369
1490009,Asus,ZenBook UX305CA-UBM1,Ultrabook,13.3,8,1.2,Intel,M,Windows,Intel,integrated,0,512,0,0,1,0,0,1920,1080,729
2398187,Dell,Inspiron 3567,Notebook,15.6,6,2.3,Intel,i3,Windows,Intel,integrated,1000,0,0,0,0,0,0,1366,768,459
6043779,Acer,Aspire ES1-531,Notebook,15.6,4,2.4,Intel,Dual,Linux,Intel,integrated,500,0,0,0,0,0,0,1366,768,289
7664049,Dell,Inspiron 3552,Notebook,15.6,2,2.2,Intel,Dual,Windows,Intel,integrated,500,0,0,0,0,0,0,1366,768,379
3377565,Lenovo,IdeaPad Y700-15ISK,Notebook,15.6,8,2.6,Intel,i7,Windows,Nvidia,dedicated,1000,0,0,0,1,0,0,1920,1080,899
6608535,HP,Pavilion 15-AW003nv,Notebook,15.6,6,2.04,AMD,9410,Windows,AMD,dedicated,0,0,1000,0,0,0,0,1920,1080,549
2955598,Dell,Inspiron 3567,Notebook,15.6,8,2.3,Intel,i7,Linux,AMD,dedicated,1000,0,0,0,0,0,0,1366,768,805
4141479,HP,Stream 11-Y000na,Netbook,11.6,2,1.17,Intel,Dual,Windows,Intel,integrated,0,0,0,32,0,0,0,1366,768,209
9642273,Asus,X556UJ-XO044T (i7-6500U/4GB/500GB/GeForce,Notebook,15.6,4,2.2,Intel,i7,Windows,Nvidia,dedicated,500,0,0,0,0,0,0,1366,768,720
8610376,Lenovo,Yoga 500-14ISK,2 in 1 Convertible,14.0,4,1.8,Intel,i7,Windows,Intel,integrated,0,128,0,0,1,0,1,1920,1080,638
8339551,Lenovo,Yoga 900-13ISK,2 in 1 Convertible,13.3,16,1.3,Intel,i7,Windows,Intel,integrated,0,512,0,0,1,0,1,3200,1800,1499
2456795,Lenovo,IdeaPad 100S-14IBR,Notebook,14.0,2,1.5,Intel,Dual,Windows,Intel,integrated,0,0,0,64,0,0,0,1366,768,229
8977838,HP,15-AC110nv (i7-6500U/6GB/1TB/Radeon,Notebook,15.6,6,2.19,Intel,i7,Windows,AMD,dedicated,1000,0,0,0,0,0,0,1366,768,764
3093786,Asus,X553SA-XX031T (N3050/4GB/500GB/W10),Notebook,15.6,4,2.2,Intel,Dual,Windows,Intel,integrated,500,0,0,0,0,0,0,1366,768,369
5358634,Asus,ZenBook UX305CA-UBM1,Ultrabook,13.3,8,1.2,Intel,M,Windows,Intel,integrated,0,512,0,0,1,0,0,1920,1080,729
3017357,Dell,Inspiron 3567,Notebook,15.6,6,2.3,Intel,i3,Windows,Intel,integrated,1000,0,0,0,0,0,0,1366,768,459
8197848,Acer,Aspire ES1-531,Notebook,15.6,4,2.4,Intel,Dual,Linux,Intel,integrated,500,0,0,0,0,0,0,1366,768,289
1700485,Dell,Inspiron 3552,Notebook,15.6,2,2.2,Intel,Dual,Windows,Intel,integrated,500,0,0,0,0,0,0,1366,768,379
1860651,Lenovo,IdeaPad Y700-15ISK,Notebook,15.6,8,2.6,Intel,i7,Windows,Nvidia,dedicated,1000,0,0,0,1,0,0,1920,1080,899
9252539,HP,Pavilion 15-AW003nv,Notebook,15.6,6,2.04,AMD,9410,Windows,AMD,dedicated,0,0,1000,0,0,0,0,1920,1080,549
2845549,Dell,Inspiron 3567,Notebook,15.6,8,2.3,Intel,i7,Linux,AMD,dedicated,1000,0,0,0,0,0,0,1366,768,805
9962421,HP,Stream 11-Y000na,Netbook,11.6,2,1.17,Intel,Dual,Windows,Intel,integrated,0,0,0,32,0,0,0,1366,768,209
6931731,Asus,X556UJ-XO044T (i7-6500U/4GB/500GB/GeForce,Notebook,15.6,4,2.2,Intel,i7,Windows,Nvidia,dedicated,500,0,0,0,0,0,0,1366,768,720
5294744,Lenovo,Yoga 500-14ISK,2 in 1 Convertible,14.0,4,1.8,Intel,i7,Windows,Intel,integrated,0,128,0,0,1,0,1,1920,1080,638
9612617,Lenovo,Yoga 900-13ISK,2 in 1 Convertible,13.3,16,1.3,Intel,i7,Windows,Intel,integrated,0,512,0,0,1,0,1,3200,1800,1499
9789209,Lenovo,IdeaPad 100S-14IBR,Notebook,14.0,2,1.5,Intel,Dual,Windows,Intel,integrated,0,0,0,64,0,0,0,1366,768,229
2490800,HP,15-AC110nv (i7-6500U/6GB/1TB/Radeon,Notebook,15.6,6,2.19,Intel,i7,Windows,AMD,dedicated,1000,0,0,0,0,0,0,1366,768,764
3031058,Asus,X553SA-XX031T (N3050/4GB/500GB/W10),Notebook,15.6,4,2.2,Intel,Dual,Windows,Intel,integrated,500,0,0,0,0,0,0,1366,768,369
